timestamp,location,pred
2023-06-30 01:00:00,26001,-74.358617976489
2023-06-30 02:00:00,26001,-49.57463677735966
2023-06-30 03:00:00,26001,-33.05124111349418
2023-06-30 04:00:00,26001,-22.03514962798903
2023-06-30 05:00:00,26001,-14.690759038686306
2023-06-30 06:00:00,26001,-9.794278903312327
2023-06-30 07:00:00,26001,-6.5298123114846955
2023-06-30 08:00:00,26001,-4.353403578164106
2023-06-30 09:00:00,26001,-2.9023993049599404
2023-06-30 10:00:00,26001,-1.9350197091041204
2023-06-30 11:00:00,26001,-1.2900710347548385
2023-06-30 12:00:00,26001,-0.860085955136836
2023-06-30 13:00:00,26001,-0.5734163703351599
2023-06-30 14:00:00,26001,-0.3822947367115623
2023-06-30 15:00:00,26001,-0.25487459597977463
2023-06-30 16:00:00,26001,-0.16992402311012159
2023-06-30 17:00:00,26001,-0.11328776616175752
2023-06-30 18:00:00,26001,-0.07552856698551522
2023-06-30 19:00:00,26001,-0.0503546377879869
2023-06-30 20:00:00,26001,-0.03357126512469951
2023-06-30 21:00:00,26001,-0.02238184786112673
2023-06-30 22:00:00,26001,-0.01492190156724417
2023-06-30 23:00:00,26001,-0.009948380838083084
2023-07-01 00:00:00,26001,-0.006632551545360238
2023-06-30 01:00:00,26003,0.2962705367023427
2023-06-30 02:00:00,26003,0.2874642463550958
2023-06-30 03:00:00,26003,0.2789197125447736
2023-06-30 04:00:00,26003,0.27062915486874095
2023-06-30 05:00:00,26003,0.26258502418760415
2023-06-30 06:00:00,26003,0.2547799957511852
2023-06-30 07:00:00,26003,0.24720696252881846
2023-06-30 08:00:00,26003,0.2398590287378964
2023-06-30 09:00:00,26003,0.2327295035647716
2023-06-30 10:00:00,26003,0.2258118950722974
2023-06-30 11:00:00,26003,0.21909990428845993
2023-06-30 12:00:00,26003,0.21258741947071827
2023-06-30 13:00:00,26003,0.20626851054083037
2023-06-30 14:00:00,26003,0.20013742368509732
2023-06-30 15:00:00,26003,0.19418857611510879
2023-06-30 16:00:00,26003,0.18841655098421908
2023-06-30 17:00:00,26003,0.18281609245512512
2023-06-30 18:00:00,26003,0.17738210091405457
2023-06-30 19:00:00,26003,0.1721096283272067
2023-06-30 20:00:00,26003,0.16699387373521743
2023-06-30 21:00:00,26003,0.16203017888154628
2023-06-30 22:00:00,26003,0.15721402397080397
2023-06-30 23:00:00,26003,0.15254102355315904
2023-07-01 00:00:00,26003,0.14800692253107545
2023-06-30 01:00:00,26005,3.977084607906968e-08
2023-06-30 02:00:00,26005,3.271133556273696e-08
2023-06-30 03:00:00,26005,2.690492106128736e-08
2023-06-30 04:00:00,26005,2.212917219248927e-08
2023-06-30 05:00:00,26005,1.8201141003511607e-08
2023-06-30 06:00:00,26005,1.4970353655711975e-08
2023-06-30 07:00:00,26005,1.2313046118034596e-08
2023-06-30 08:00:00,26005,1.012742305169252e-08
2023-06-30 09:00:00,26005,8.329758264912952e-09
2023-06-30 10:00:00,26005,6.851187355137679e-09
2023-06-30 11:00:00,26005,5.63506967217961e-09
2023-06-30 12:00:00,26005,4.634818545212635e-09
2023-06-30 13:00:00,26005,3.812116654582203e-09
2023-06-30 14:00:00,26005,3.1354481834361225e-09
2023-06-30 15:00:00,26005,2.5788915192812567e-09
2023-06-30 16:00:00,26005,2.121126256640076e-09
2023-06-30 17:00:00,26005,1.7446164613631646e-09
2023-06-30 18:00:00,26005,1.4349389093323545e-09
2023-06-30 19:00:00,26005,1.1802305659245463e-09
2023-06-30 20:00:00,26005,9.707341404455197e-10
2023-06-30 21:00:00,26005,7.984243067695183e-10
2023-06-30 22:00:00,26005,6.567002715571669e-10
2023-06-30 23:00:00,26005,5.401329130473823e-10
2023-07-01 00:00:00,26005,4.442568038920847e-10
2023-06-30 01:00:00,26007,1e-323
2023-06-30 02:00:00,26007,1e-323
2023-06-30 03:00:00,26007,1e-323
2023-06-30 04:00:00,26007,1e-323
2023-06-30 05:00:00,26007,1e-323
2023-06-30 06:00:00,26007,1e-323
2023-06-30 07:00:00,26007,1e-323
2023-06-30 08:00:00,26007,1e-323
2023-06-30 09:00:00,26007,1e-323
2023-06-30 10:00:00,26007,1e-323
2023-06-30 11:00:00,26007,1e-323
2023-06-30 12:00:00,26007,1e-323
2023-06-30 13:00:00,26007,1e-323
2023-06-30 14:00:00,26007,1e-323
2023-06-30 15:00:00,26007,1e-323
2023-06-30 16:00:00,26007,1e-323
2023-06-30 17:00:00,26007,1e-323
2023-06-30 18:00:00,26007,1e-323
2023-06-30 19:00:00,26007,1e-323
2023-06-30 20:00:00,26007,1e-323
2023-06-30 21:00:00,26007,1e-323
2023-06-30 22:00:00,26007,1e-323
2023-06-30 23:00:00,26007,1e-323
2023-07-01 00:00:00,26007,1e-323
2023-06-30 01:00:00,26009,-1.3492377708436346e-20
2023-06-30 02:00:00,26009,-9.479406956179017e-21
2023-06-30 03:00:00,26009,-6.659994122805287e-21
2023-06-30 04:00:00,26009,-4.6791452166623625e-21
2023-06-30 05:00:00,26009,-3.2874503422822877e-21
2023-06-30 06:00:00,26009,-2.3096803481300815e-21
2023-06-30 07:00:00,26009,-1.6227236171223113e-21
2023-06-30 08:00:00,26009,-1.1400850077364098e-21
2023-06-30 09:00:00,26009,-8.009951979193747e-22
2023-06-30 10:00:00,26009,-5.6275918263652505e-22
2023-06-30 11:00:00,26009,-3.9538051971393647e-22
2023-06-30 12:00:00,26009,-2.777844594856308e-22
2023-06-30 13:00:00,26009,-1.951644101928782e-22
2023-06-30 14:00:00,26009,-1.3711763097353648e-22
2023-06-30 15:00:00,26009,-9.633541640719191e-23
2023-06-30 16:00:00,26009,-6.768285295228144e-23
2023-06-30 17:00:00,26009,-4.755227884620594e-23
2023-06-30 18:00:00,26009,-3.3409041209618576e-23
2023-06-30 19:00:00,26009,-2.3472356354485158e-23
2023-06-30 20:00:00,26009,-1.649109022240719e-23
2023-06-30 21:00:00,26009,-1.1586227331266977e-23
2023-06-30 22:00:00,26009,-8.140193399063394e-24
2023-06-30 23:00:00,26009,-5.7190961889152995e-24
2023-07-01 00:00:00,26009,-4.018093872539795e-24
2023-06-30 01:00:00,26011,-1.2105689588523872e-34
2023-06-30 02:00:00,26011,-1.1598117139614861e-34
2023-06-30 03:00:00,26011,-1.111182640200429e-34
2023-06-30 04:00:00,26011,-1.0645925067142386e-34
2023-06-30 05:00:00,26011,-1.0199558239567868e-34
2023-06-30 06:00:00,26011,-9.771906868236216e-35
2023-06-30 07:00:00,26011,-9.362186243619884e-35
2023-06-30 08:00:00,26011,-8.969644557822715e-35
2023-06-30 09:00:00,26011,-8.593561525066494e-35
2023-06-30 10:00:00,26011,-8.233247060018319e-35
2023-06-30 11:00:00,26011,-7.888040011533609e-35
2023-06-30 12:00:00,26011,-7.557306949491286e-35
2023-06-30 13:00:00,26011,-7.240441002495026e-35
2023-06-30 14:00:00,26011,-6.936860744307873e-35
2023-06-30 15:00:00,26011,-6.64600912697688e-35
2023-06-30 16:00:00,26011,-6.367352458690161e-35
2023-06-30 17:00:00,26011,-6.100379424490772e-35
2023-06-30 18:00:00,26011,-5.844600148050521e-35
2023-06-30 19:00:00,26011,-5.599545292782115e-35
2023-06-30 20:00:00,26011,-5.364765200640259e-35
2023-06-30 21:00:00,26011,-5.139829067031464e-35
2023-06-30 22:00:00,26011,-4.924324150318579e-35
2023-06-30 23:00:00,26011,-4.717855014469561e-35
2023-07-01 00:00:00,26011,-4.5200428034607735e-35
2023-06-30 01:00:00,26013,0.7541424608664118
2023-06-30 02:00:00,26013,0.7262246960994925
2023-06-30 03:00:00,26013,0.6993404251749509
2023-06-30 04:00:00,26013,0.6734513889581053
2023-06-30 05:00:00,26013,0.6485207446375518
2023-06-30 06:00:00,26013,0.6245130132939832
2023-06-30 07:00:00,26013,0.601394029409969
2023-06-30 08:00:00,26013,0.579130892248844
2023-06-30 09:00:00,26013,0.5576919190335122
2023-06-30 10:00:00,26013,0.5370465998585355
2023-06-30 11:00:00,26013,0.5171655542713407
2023-06-30 12:00:00,26013,0.4980204894607567
2023-06-30 13:00:00,26013,0.47958415999338
2023-06-30 14:00:00,26013,0.4618303290404674
2023-06-30 15:00:00,26013,0.4447337310401797
2023-06-30 16:00:00,26013,0.4282700357420397
2023-06-30 17:00:00,26013,0.4124158135824359
2023-06-30 18:00:00,26013,0.3971485023418988
2023-06-30 19:00:00,26013,0.3824463750366979
2023-06-30 20:00:00,26013,0.3682885089990676
2023-06-30 21:00:00,26013,0.354654756102058
2023-06-30 22:00:00,26013,0.34152571408663923
2023-06-30 23:00:00,26013,0.3288826989502539
2023-07-01 00:00:00,26013,0.3167077183575232
2023-06-30 01:00:00,26015,0.827631809663227
2023-06-30 02:00:00,26015,0.682352715663679
2023-06-30 03:00:00,26015,0.5625753180790112
2023-06-30 04:00:00,26015,0.4638231536953303
2023-06-30 05:00:00,26015,0.3824055392946828
2023-06-30 06:00:00,26015,0.3152796390568146
2023-06-30 07:00:00,26015,0.259936744083606
2023-06-30 08:00:00,26015,0.21430851394945372
2023-06-30 09:00:00,26015,0.17668967622542384
2023-06-30 10:00:00,26015,0.14567429501194898
2023-06-30 11:00:00,26015,0.12010322663195223
2023-06-30 12:00:00,26015,0.09902079873613175
2023-06-30 13:00:00,26015,0.08163909378045768
2023-06-30 14:00:00,26015,0.0673085020355667
2023-06-30 15:00:00,26015,0.05549344360013409
2023-06-30 16:00:00,26015,0.04575235207246186
2023-06-30 17:00:00,26015,0.037721171806275273
2023-06-30 18:00:00,26015,0.03109975199056413
2023-06-30 19:00:00,26015,0.025640629056854897
2023-06-30 20:00:00,26015,0.021139778176710346
2023-06-30 21:00:00,26015,0.01742898820343275
2023-06-30 22:00:00,26015,0.014369575085232462
2023-06-30 23:00:00,26015,0.011847198800069477
2023-07-01 00:00:00,26015,0.0097675901044987
2023-06-30 01:00:00,26017,0.01730593767955175
2023-06-30 02:00:00,26017,0.01001558934859447
2023-06-30 03:00:00,26017,0.005796393807554566
2023-06-30 04:00:00,26017,0.0033545885322237073
2023-06-30 05:00:00,26017,0.001941425064297768
2023-06-30 06:00:00,26017,0.0011235748420641892
2023-06-30 07:00:00,26017,0.0006502545212458135
2023-06-30 08:00:00,26017,0.00037632645959196904
2023-06-30 09:00:00,26017,0.00021779410917081371
2023-06-30 10:00:00,26017,0.00012604554577676734
2023-06-30 11:00:00,26017,7.294724210241501e-05
2023-06-30 12:00:00,26017,4.221728025020912e-05
2023-06-30 13:00:00,26017,2.4432709179360347e-05
2023-06-30 14:00:00,26017,1.4140116897754028e-05
2023-06-30 15:00:00,26017,8.183411197439037e-06
2023-06-30 16:00:00,26017,4.736044214528922e-06
2023-06-30 17:00:00,26017,2.7409248125026735e-06
2023-06-30 18:00:00,26017,1.586275061526231e-06
2023-06-30 19:00:00,26017,9.180363355251992e-07
2023-06-30 20:00:00,26017,5.313017482186519e-07
2023-06-30 21:00:00,26017,3.074840686983325e-07
2023-06-30 22:00:00,26017,1.7795245888099584e-07
2023-06-30 23:00:00,26017,1.029877019510255e-07
2023-07-01 00:00:00,26017,5.9602810884710746e-08
2023-06-30 01:00:00,26019,8.442046316680141
2023-06-30 02:00:00,26019,4.721884025200875
2023-06-30 03:00:00,26019,2.6410881806456685
2023-06-30 04:00:00,26019,1.4772380559790446
2023-06-30 05:00:00,26019,0.82626255723853
2023-06-30 06:00:00,26019,0.46215287423115214
2023-06-30 07:00:00,26019,0.2584956528514896
2023-06-30 08:00:00,26019,0.14458419771656963
2023-06-30 09:00:00,26019,0.08087018098271138
2023-06-30 10:00:00,26019,0.0452330633323907
2023-06-30 11:00:00,26019,0.02530017855245648
2023-06-30 12:00:00,26019,0.014151131664076656
2023-06-30 13:00:00,26019,0.007915142850032952
2023-06-30 14:00:00,26019,0.004427171467527686
2023-06-30 15:00:00,26019,0.002476246806184888
2023-06-30 16:00:00,26019,0.0013850374421041129
2023-06-30 17:00:00,26019,0.000774692050581921
2023-06-30 18:00:00,26019,0.00043330797781400974
2023-06-30 19:00:00,26019,0.00024236185655478315
2023-06-30 20:00:00,26019,0.00013556009240590106
2023-06-30 21:00:00,26019,7.582273429623866e-05
2023-06-30 22:00:00,26019,4.2409878409818374e-05
2023-06-30 23:00:00,26019,2.3721088449652518e-05
2023-07-01 00:00:00,26019,1.3267900270753167e-05
2023-06-30 01:00:00,26021,2.7177272353573234
2023-06-30 02:00:00,26021,1.9582486020250638
2023-06-30 03:00:00,26021,1.4110089995212232
2023-06-30 04:00:00,26021,1.0166974686824777
2023-06-30 05:00:00,26021,0.7325777108268615
2023-06-30 06:00:00,26021,0.5278562393745182
2023-06-30 07:00:00,26021,0.38034491812768384
2023-06-30 08:00:00,26021,0.27405616521076204
2023-06-30 09:00:00,26021,0.19747018590324572
2023-06-30 10:00:00,26021,0.1422864334786041
2023-06-30 11:00:00,26021,0.10252397879435259
2023-06-30 12:00:00,26021,0.07387328483010605
2023-06-30 13:00:00,26021,0.053229130158286286
2023-06-30 14:00:00,26021,0.038354058627877524
2023-06-30 15:00:00,26021,0.027635879242367586
2023-06-30 16:00:00,26021,0.019912933567442594
2023-06-30 17:00:00,26021,0.014348192788940969
2023-06-30 18:00:00,26021,0.010338538799989453
2023-06-30 19:00:00,26021,0.007449397014045592
2023-06-30 20:00:00,26021,0.005367636273022257
2023-06-30 21:00:00,26021,0.0038676310451894423
2023-06-30 22:00:00,26021,0.0027868076637187506
2023-06-30 23:00:00,26021,0.0020080242566625577
2023-07-01 00:00:00,26021,0.0014468746687615504
2023-06-30 01:00:00,26023,-0.10197923222792292
2023-06-30 02:00:00,26023,-0.07695606473304806
2023-06-30 03:00:00,26023,-0.05807296024705231
2023-06-30 04:00:00,26023,-0.043823300003117786
2023-06-30 05:00:00,26023,-0.03307015201211039
2023-06-30 06:00:00,26023,-0.024955559120976342
2023-06-30 07:00:00,26023,-0.018832085525717624
2023-06-30 08:00:00,26023,-0.014211160067731965
2023-06-30 09:00:00,26023,-0.010724094800594514
2023-06-30 10:00:00,26023,-0.00809266863113257
2023-06-30 11:00:00,26023,-0.0061069290034331345
2023-06-30 12:00:00,26023,-0.004608440497551107
2023-06-30 13:00:00,26023,-0.003477643805508444
2023-06-30 14:00:00,26023,-0.002624316500216922
2023-06-30 15:00:00,26023,-0.0019803744944787076
2023-06-30 16:00:00,26023,-0.0014944398429296236
2023-06-30 17:00:00,26023,-0.0011277414702936786
2023-06-30 18:00:00,26023,-0.0008510217589802575
2023-06-30 19:00:00,26023,-0.0006422021831557285
2023-06-30 20:00:00,26023,-0.00048462173816116427
2023-06-30 21:00:00,26023,-0.00036570761554293406
2023-06-30 22:00:00,26023,-0.00027597206137216574
2023-06-30 23:00:00,26023,-0.0002082553805857542
2023-07-01 00:00:00,26023,-0.00015715468923656637
2023-06-30 01:00:00,26025,7.216185663383311e-20
2023-06-30 02:00:00,26025,3.943412009476329e-20
2023-06-30 03:00:00,26025,2.1549470872665e-20
2023-06-30 04:00:00,26025,1.1776088670823549e-20
2023-06-30 05:00:00,26025,6.435251482624863e-21
2023-06-30 06:00:00,26025,3.5166567442065086e-21
2023-06-30 07:00:00,26025,1.921739141036462e-21
2023-06-30 08:00:00,26025,1.0501682691310999e-21
2023-06-30 09:00:00,26025,5.738829843966244e-22
2023-06-30 10:00:00,26025,3.1360848490734798e-22
2023-06-30 11:00:00,26025,1.7137689124776356e-22
2023-06-30 12:00:00,26025,9.365192674051795e-23
2023-06-30 13:00:00,26025,5.1177748168691883e-23
2023-06-30 14:00:00,26025,2.796698368924086e-23
2023-06-30 15:00:00,26025,1.5283051807909516e-23
2023-06-30 16:00:00,26025,8.3516933809742e-24
2023-06-30 17:00:00,26025,4.563930241583673e-24
2023-06-30 18:00:00,26025,2.4940402263202233e-24
2023-06-30 19:00:00,26025,1.3629122973503256e-24
2023-06-30 20:00:00,26025,7.447874780309353e-25
2023-06-30 21:00:00,26025,4.0700226163495953e-25
2023-06-30 22:00:00,26025,2.2241356878598276e-25
2023-06-30 23:00:00,26025,1.2154181989407411e-25
2023-07-01 00:00:00,26025,6.641867249285628e-26
2023-06-30 01:00:00,26027,-5.510180959019726
2023-06-30 02:00:00,26027,-3.152197710486417
2023-06-30 03:00:00,26027,-1.8032711593129798
2023-06-30 04:00:00,26027,-1.0315935650838963
2023-06-30 05:00:00,26027,-0.590141575783834
2023-06-30 06:00:00,26027,-0.33760105845590765
2023-06-30 07:00:00,26027,-0.19313073226397706
2023-06-30 08:00:00,26027,-0.11048389455713595
2023-06-30 09:00:00,26027,-0.06320429075900696
2023-06-30 10:00:00,26027,-0.036157146581063185
2023-06-30 11:00:00,26027,-0.020684343312533507
2023-06-30 12:00:00,26027,-0.011832849069313067
2023-06-30 13:00:00,26027,-0.006769193248320404
2023-06-30 14:00:00,26027,-0.003872438240756387
2023-06-30 15:00:00,26027,-0.002215297654885717
2023-06-30 16:00:00,26027,-0.0012673007016849383
2023-06-30 17:00:00,26027,-0.0007249820650281825
2023-06-30 18:00:00,26027,-0.0004147389754568259
2023-06-30 19:00:00,26027,-0.00023725885930197608
2023-06-30 20:00:00,26027,-0.0001357281800083311
2023-06-30 21:00:00,26027,-7.764573640188827e-05
2023-06-30 22:00:00,26027,-4.4418634221879794e-05
2023-06-30 23:00:00,26027,-2.5410475289009805e-05
2023-07-01 00:00:00,26027,-1.4536517516230202e-05
2023-06-30 01:00:00,26029,4.587756422478091e-17
2023-06-30 02:00:00,26029,3.377441093052177e-17
2023-06-30 03:00:00,26029,2.486424144304484e-17
2023-06-30 04:00:00,26029,1.830470126658335e-17
2023-06-30 05:00:00,26029,1.3475660989954855e-17
2023-06-30 06:00:00,26029,9.920590151760845e-18
2023-06-30 07:00:00,26029,7.30339751293669e-18
2023-06-30 08:00:00,26029,5.376657478638241e-18
2023-06-30 09:00:00,26029,3.958218841489906e-18
2023-06-30 10:00:00,26029,2.9139844707187558e-18
2023-06-30 11:00:00,26029,2.1452339639699837e-18
2023-06-30 12:00:00,26029,1.5792907636996586e-18
2023-06-30 13:00:00,26029,1.1626514208694252e-18
2023-06-30 14:00:00,26029,8.559274565014576e-19
2023-06-30 15:00:00,26029,6.301216320238193e-19
2023-06-30 16:00:00,26029,4.638865924073618e-19
2023-06-30 17:00:00,26029,3.4150671819370156e-19
2023-06-30 18:00:00,26029,2.514123936330897e-19
2023-06-30 19:00:00,26029,1.8508623199754496e-19
2023-06-30 20:00:00,26029,1.3625785419728926e-19
2023-06-30 21:00:00,26029,1.0031109623916277e-19
2023-06-30 22:00:00,26029,7.384760378020658e-20
2023-06-30 23:00:00,26029,5.436555663868097e-20
2023-07-01 00:00:00,26029,4.002315034392251e-20
2023-06-30 01:00:00,26031,-0.10820277979064453
2023-06-30 02:00:00,26031,-0.07468567205696912
2023-06-30 03:00:00,26031,-0.051550890110157975
2023-06-30 04:00:00,26031,-0.03558238411676186
2023-06-30 05:00:00,26031,-0.024560314220128346
2023-06-30 06:00:00,26031,-0.016952462561587712
2023-06-30 07:00:00,26031,-0.011701234126170362
2023-06-30 08:00:00,26031,-0.008076636628928234
2023-06-30 09:00:00,26031,-0.005574801643345521
2023-06-30 10:00:00,26031,-0.003847940026338911
2023-06-30 11:00:00,26031,-0.0026559944897726288
2023-06-30 12:00:00,26031,-0.0018332683673384393
2023-06-30 13:00:00,26031,-0.0012653915208127786
2023-06-30 14:00:00,26031,-0.0008734213328894889
2023-06-30 15:00:00,26031,-0.0006028686080150535
2023-06-30 16:00:00,26031,-0.0004161228319528513
2023-06-30 17:00:00,26031,-0.00028722379797247165
2023-06-30 18:00:00,26031,-0.00019825278448330508
2023-06-30 19:00:00,26031,-0.0001368416086439705
2023-06-30 20:00:00,26031,-9.44532804675259e-05
2023-06-30 21:00:00,26031,-6.519524492209485e-05
2023-06-30 22:00:00,26031,-4.500023651283639e-05
2023-06-30 23:00:00,26031,-3.106087397372332e-05
2023-07-01 00:00:00,26031,-2.1439396029314607e-05
2023-06-30 01:00:00,26033,2.9486957191477243e-66
2023-06-30 02:00:00,26033,2.537681648256231e-66
2023-06-30 03:00:00,26033,2.1839581839789817e-66
2023-06-30 04:00:00,26033,1.8795396785275466e-66
2023-06-30 05:00:00,26033,1.617553591032232e-66
2023-06-30 06:00:00,26033,1.392085333314724e-66
2023-06-30 07:00:00,26033,1.1980447423651082e-66
2023-06-30 08:00:00,26033,1.0310511650108608e-66
2023-06-30 09:00:00,26033,8.873345604535696e-67
2023-06-30 10:00:00,26033,7.636503879679296e-67
2023-06-30 11:00:00,26033,6.572063582708651e-67
2023-06-30 12:00:00,26033,5.655993949024115e-67
2023-06-30 13:00:00,26033,4.867613824608303e-67
2023-06-30 14:00:00,26033,4.1891247690613204e-67
2023-06-30 15:00:00,26033,3.605209238671519e-67
2023-06-30 16:00:00,26033,3.102684778117721e-67
2023-06-30 17:00:00,26033,2.6702064138476276e-67
2023-06-30 18:00:00,26033,2.2980105303763746e-67
2023-06-30 19:00:00,26033,1.977694447266073e-67
2023-06-30 20:00:00,26033,1.7020267205244086e-67
2023-06-30 21:00:00,26033,1.4647838857937258e-67
2023-06-30 22:00:00,26033,1.2606099576508952e-67
2023-06-30 23:00:00,26033,1.0848955130793798e-67
2023-07-01 00:00:00,26033,9.336736293064573e-68
2023-06-30 01:00:00,26035,27.584004684609493
2023-06-30 02:00:00,26035,18.26554843592717
2023-06-30 03:00:00,26035,12.095062463912305
2023-06-30 04:00:00,26035,8.009096278663948
2023-06-30 05:00:00,26035,5.303455306022452
2023-06-30 06:00:00,26035,3.511836692225368
2023-06-30 07:00:00,26035,2.3254644832879827
2023-06-30 08:00:00,26035,1.5398737290392224
2023-06-30 09:00:00,26035,1.019672034737979
2023-06-30 10:00:00,26035,0.675205400819074
2023-06-30 11:00:00,26035,0.4471068321613799
2023-06-30 12:00:00,26035,0.29606475173759783
2023-06-30 13:00:00,26035,0.19604785907142488
2023-06-30 14:00:00,26035,0.1298187738355088
2023-06-30 15:00:00,26035,0.0859632648883713
2023-06-30 16:00:00,26035,0.05692306815061768
2023-06-30 17:00:00,26035,0.037693259927801884
2023-06-30 18:00:00,26035,0.024959684889533106
2023-06-30 19:00:00,26035,0.016527778997573087
2023-06-30 20:00:00,26035,0.01094434804772601
2023-06-30 21:00:00,26035,0.007247117365700028
2023-06-30 22:00:00,26035,0.004798888876998347
2023-06-30 23:00:00,26035,0.0031777234025178445
2023-07-01 00:00:00,26035,0.002104221681670973
2023-06-30 01:00:00,26037,0.650068902420923
2023-06-30 02:00:00,26037,0.3774899962249705
2023-06-30 03:00:00,26037,0.21920552839744914
2023-06-30 04:00:00,26037,0.12729095912615435
2023-06-30 05:00:00,26037,0.07391687788949418
2023-06-30 06:00:00,26037,0.04292296070701672
2023-06-30 07:00:00,26037,0.02492503212338679
2023-06-30 08:00:00,26037,0.014473773852471108
2023-06-30 09:00:00,26037,0.008404808808086342
2023-06-30 10:00:00,26037,0.004880607630084344
2023-06-30 11:00:00,26037,0.0028341311959315203
2023-06-30 12:00:00,26037,0.0016457581195916417
2023-06-30 13:00:00,26037,0.0009556790426956865
2023-06-30 14:00:00,26037,0.0005549554468395176
2023-06-30 15:00:00,26037,0.00032225834638807314
2023-06-30 16:00:00,26037,0.0001871329354603251
2023-06-30 17:00:00,26037,0.00010866665185399912
2023-06-30 18:00:00,26037,6.310188634678802e-05
2023-06-30 19:00:00,26037,3.6642778557977744e-05
2023-06-30 20:00:00,26037,2.1278178802294058e-05
2023-06-30 21:00:00,26037,1.2356074265111169e-05
2023-06-30 22:00:00,26037,7.175076996179884e-06
2023-06-30 23:00:00,26037,4.166511854535746e-06
2023-07-01 00:00:00,26037,2.4194612884613675e-06
2023-06-30 01:00:00,26039,-7.300645514093281e-07
2023-06-30 02:00:00,26039,-6.925469638289343e-07
2023-06-30 03:00:00,26039,-6.569573829914174e-07
2023-06-30 04:00:00,26039,-6.231967297650871e-07
2023-06-30 05:00:00,26039,-5.911710166365125e-07
2023-06-30 06:00:00,26039,-5.607910860552571e-07
2023-06-30 07:00:00,26039,-5.319723622249229e-07
2023-06-30 08:00:00,26039,-5.046346156495075e-07
2023-06-30 09:00:00,26039,-4.78701739779585e-07
2023-06-30 10:00:00,26039,-4.541015391365081e-07
2023-06-30 11:00:00,26039,-4.307655283247827e-07
2023-06-30 12:00:00,26039,-4.0862874137307874e-07
2023-06-30 13:00:00,26039,-3.8762955087309376e-07
2023-06-30 14:00:00,26039,-3.6770949641276405e-07
2023-06-30 15:00:00,26039,-3.48813121826192e-07
2023-06-30 16:00:00,26039,-3.308878208072039e-07
2023-06-30 17:00:00,26039,-3.1388369045673625e-07
2023-06-30 18:00:00,26039,-2.9775339235633554e-07
2023-06-30 19:00:00,26039,-2.8245202078100907e-07
2023-06-30 20:00:00,26039,-2.679369776845401e-07
2023-06-30 21:00:00,26039,-2.5416785410923364e-07
2023-06-30 22:00:00,26039,-2.4110631768994587e-07
2023-06-30 23:00:00,26039,-2.2871600593921537e-07
2023-07-01 00:00:00,26039,-2.169624250164083e-07
2023-06-30 01:00:00,26041,-6.455161125844319e-20
2023-06-30 02:00:00,26041,-4.7856961247691615e-20
2023-06-30 03:00:00,26041,-3.5479962393091974e-20
2023-06-30 04:00:00,26041,-2.630396286341604e-20
2023-06-30 05:00:00,26041,-1.9501104726500056e-20
2023-06-30 06:00:00,26041,-1.4457634673855184e-20
2023-06-30 07:00:00,26041,-1.0718531247033304e-20
2023-06-30 08:00:00,26041,-7.946452838609061e-21
2023-06-30 09:00:00,26041,-5.891302759761577e-21
2023-06-30 10:00:00,26041,-4.367665537325398e-21
2023-06-30 11:00:00,26041,-3.238078744863553e-21
2023-06-30 12:00:00,26041,-2.400631153721046e-21
2023-06-30 13:00:00,26041,-1.77976831025426e-21
2023-06-30 14:00:00,26041,-1.319476019160825e-21
2023-06-30 15:00:00,26041,-9.782267473296982e-22
2023-06-30 16:00:00,26041,-7.252330131773357e-22
2023-06-30 17:00:00,26041,-5.376697425602173e-22
2023-06-30 18:00:00,26041,-3.9861499243979083e-22
2023-06-30 19:00:00,26041,-2.9552325455617185e-22
2023-06-30 20:00:00,26041,-2.1909360069205976e-22
2023-06-30 21:00:00,26041,-1.624305536845247e-22
2023-06-30 22:00:00,26041,-1.2042197803551565e-22
2023-06-30 23:00:00,26041,-8.92778634625058e-23
2023-07-01 00:00:00,26041,-6.618839047868076e-23
2023-06-30 01:00:00,26043,31.38915597942288
2023-06-30 02:00:00,26043,27.776396936973306
2023-06-30 03:00:00,26043,24.579451174350606
2023-06-30 04:00:00,26043,21.750460342395918
2023-06-30 05:00:00,26043,19.247074385444918
2023-06-30 06:00:00,26043,17.031817560052755
2023-06-30 07:00:00,26043,15.071527422281315
2023-06-30 08:00:00,26043,13.336858385176015
2023-06-30 09:00:00,26043,11.801842414676512
2023-06-30 10:00:00,26043,10.443500287569359
2023-06-30 11:00:00,26043,9.241497592005492
2023-06-30 12:00:00,26043,8.17784032090267
2023-06-30 13:00:00,26043,7.2366055012592945
2023-06-30 14:00:00,26043,6.403702826894504
2023-06-30 15:00:00,26043,5.6666637262513015
2023-06-30 16:00:00,26043,5.014454707603079
2023-06-30 17:00:00,26043,4.437312187437108
2023-06-30 18:00:00,26043,3.926596329392241
2023-06-30 19:00:00,26043,3.4746617057164517
2023-06-30 20:00:00,26043,3.0747428450433723
2023-06-30 21:00:00,26043,2.7208529531354912
2023-06-30 22:00:00,26043,2.4076942904412864
2023-06-30 23:00:00,26043,2.130578864816328
2023-07-01 00:00:00,26043,1.8853582521766294
2023-06-30 01:00:00,26045,3.3253161110284943
2023-06-30 02:00:00,26045,0.05783459608359311
2023-06-30 03:00:00,26045,0.0010058714397284264
2023-06-30 04:00:00,26045,1.74943273019307e-05
2023-06-30 05:00:00,26045,3.0426501405558175e-07
2023-06-30 06:00:00,26045,5.291841016832147e-09
2023-06-30 07:00:00,26045,9.203681019439036e-11
2023-06-30 08:00:00,26045,1.6007235296401808e-12
2023-06-30 09:00:00,26045,2.7840119762211097e-14
2023-06-30 10:00:00,26045,4.842012090298202e-16
2023-06-30 11:00:00,26045,8.421329104487993e-18
2023-06-30 12:00:00,26045,1.464655241737096e-19
2023-06-30 13:00:00,26045,2.5473591526124992e-21
2023-06-30 14:00:00,26045,4.430420530023574e-23
2023-06-30 15:00:00,26045,7.705480419878681e-25
2023-06-30 16:00:00,26045,1.3401533353046694e-26
2023-06-30 17:00:00,26045,2.330822822539217e-28
2023-06-30 18:00:00,26045,4.053815997730296e-30
2023-06-30 19:00:00,26045,7.050481909024459e-32
2023-06-30 20:00:00,26045,1.2262346188705425e-33
2023-06-30 21:00:00,26045,2.1326929987465742e-35
2023-06-30 22:00:00,26045,3.709224447677123e-37
2023-06-30 23:00:00,26045,6.451161049120389e-39
2023-07-01 00:00:00,26045,1.121999476406739e-40
2023-06-30 01:00:00,26047,1.313907028519692e-94
2023-06-30 02:00:00,26047,1.1935887593169015e-94
2023-06-30 03:00:00,26047,1.0842883822402113e-94
2023-06-30 04:00:00,26047,9.84996957020561e-95
2023-06-30 05:00:00,26047,8.947979349693191e-95
2023-06-30 06:00:00,26047,8.12858698413872e-95
2023-06-30 07:00:00,26047,7.384228748915805e-95
2023-06-30 08:00:00,26047,6.7080335515524e-95
2023-06-30 09:00:00,26047,6.093759505399875e-95
2023-06-30 10:00:00,26047,5.535736311434764e-95
2023-06-30 11:00:00,26047,5.0288129163256946e-95
2023-06-30 12:00:00,26047,4.5683099636026e-95
2023-06-30 13:00:00,26047,4.149976599009985e-95
2023-06-30 14:00:00,26047,3.769951231319001e-95
2023-06-30 15:00:00,26047,3.424725886385523e-95
2023-06-30 16:00:00,26047,3.1111138254102945e-95
2023-06-30 17:00:00,26047,2.826220128488702e-95
2023-06-30 18:00:00,26047,2.5674149719100358e-95
2023-06-30 19:00:00,26047,2.3323093525317946e-95
2023-06-30 20:00:00,26047,2.1187330351432916e-95
2023-06-30 21:00:00,26047,1.924714519252998e-95
2023-06-30 22:00:00,26047,1.7484628403751487e-95
2023-06-30 23:00:00,26047,1.5883510378252014e-95
2023-07-01 00:00:00,26047,1.4429011364171124e-95
2023-06-30 01:00:00,26049,84.4018838370253
2023-06-30 02:00:00,26049,61.88668153777578
2023-06-30 03:00:00,26049,45.377676156535685
2023-06-30 04:00:00,26049,33.27264351879212
2023-06-30 05:00:00,26049,24.396771727790863
2023-06-30 06:00:00,26049,17.888643876515854
2023-06-30 07:00:00,26049,13.116636221844281
2023-06-30 08:00:00,26049,9.617618136054404
2023-06-30 09:00:00,26049,7.052004572400705
2023-06-30 10:00:00,26049,5.170798817924615
2023-06-30 11:00:00,26049,3.7914269823492894
2023-06-30 12:00:00,26049,2.780018923315189
2023-06-30 13:00:00,26049,2.0384159447010406
2023-06-30 14:00:00,26049,1.494644345318487
2023-06-30 15:00:00,26049,1.0959302613383783
2023-06-30 16:00:00,26049,0.8035778822428
2023-06-30 17:00:00,26049,0.5892139633421859
2023-06-30 18:00:00,26049,0.4320341590642596
2023-06-30 19:00:00,26049,0.316783929456816
2023-06-30 20:00:00,26049,0.23227806379813332
2023-06-30 21:00:00,26049,0.17031513882134788
2023-06-30 22:00:00,26049,0.12488155806630293
2023-06-30 23:00:00,26049,0.09156792316287393
2023-07-01 00:00:00,26049,0.06714109498786308
2023-06-30 01:00:00,26051,-0.2542369501522546
2023-06-30 02:00:00,26051,-0.1223338070004097
2023-06-30 03:00:00,26051,-0.05886461557319297
2023-06-30 04:00:00,26051,-0.028324492235970285
2023-06-30 05:00:00,26051,-0.0136291871205373
2023-06-30 06:00:00,26051,-0.006558096082327055
2023-06-30 07:00:00,26051,-0.003155626512767252
2023-06-30 08:00:00,26051,-0.0015184252507240105
2023-06-30 09:00:00,26051,-0.000730636288137413
2023-06-30 10:00:00,26051,-0.00035156777410588904
2023-06-30 11:00:00,26051,-0.00016916748017657126
2023-06-30 12:00:00,26051,-8.140005557128013e-05
2023-06-30 13:00:00,26051,-3.916810157656503e-05
2023-06-30 14:00:00,26051,-1.8846918105218063e-05
2023-06-30 15:00:00,26051,-9.068765341369587e-06
2023-06-30 16:00:00,26051,-4.363711051201317e-06
2023-06-30 17:00:00,26051,-2.099731707855695e-06
2023-06-30 18:00:00,26051,-1.0103494922654983e-06
2023-06-30 19:00:00,26051,-4.861602521417491e-07
2023-06-30 20:00:00,26051,-2.3393072651777098e-07
2023-06-30 21:00:00,26051,-1.1256285261506012e-07
2023-06-30 22:00:00,26051,-5.416302500081029e-08
2023-06-30 23:00:00,26051,-2.606217956532048e-08
2023-07-01 00:00:00,26051,-1.254060687498246e-08
2023-06-30 01:00:00,26053,2.4488326860725476
2023-06-30 02:00:00,26053,2.076091128591658
2023-06-30 03:00:00,26053,1.7600852841970334
2023-06-30 04:00:00,26053,1.4921793003125303
2023-06-30 05:00:00,26053,1.2650518041783338
2023-06-30 06:00:00,26053,1.072495823336827
2023-06-30 07:00:00,26053,0.9092491606081203
2023-06-30 08:00:00,26053,0.7708505880184935
2023-06-30 09:00:00,26053,0.6535179297290081
2023-06-30 10:00:00,26053,0.5540447021972598
2023-06-30 11:00:00,26053,0.4697124869399353
2023-06-30 12:00:00,26053,0.3982166412065912
2023-06-30 13:00:00,26053,0.3376033163754002
2023-06-30 14:00:00,26053,0.28621606290064316
2023-06-30 15:00:00,26053,0.2426505626243726
2023-06-30 16:00:00,26053,0.20571625137043367
2023-06-30 17:00:00,26053,0.17440378303764453
2023-06-30 18:00:00,26053,0.14785744604625528
2023-06-30 19:00:00,26053,0.1253517783304189
2023-06-30 20:00:00,26053,0.10627174180786844
2023-06-30 21:00:00,26053,0.09009591453189328
2023-06-30 22:00:00,26053,0.07638224119835786
2023-06-30 23:00:00,26053,0.06475595259559563
2023-07-01 00:00:00,26053,0.05489932385818997
2023-06-30 01:00:00,26055,0.9843945438583546
2023-06-30 02:00:00,26055,0.34977971580017214
2023-06-30 03:00:00,26055,0.12428537962605128
2023-06-30 04:00:00,26055,0.04416166773266068
2023-06-30 05:00:00,26055,0.015691732227859998
2023-06-30 06:00:00,26055,0.005575660362318139
2023-06-30 07:00:00,26055,0.0019811699578157625
2023-06-30 08:00:00,26055,0.0007039586608033343
2023-06-30 09:00:00,26055,0.00025013391413747046
2023-06-30 10:00:00,26055,8.88787630374944e-05
2023-06-30 11:00:00,26055,3.1580821602358365e-05
2023-06-30 12:00:00,26055,1.1221446597532454e-05
2023-06-30 13:00:00,26055,3.987257371792673e-06
2023-06-30 14:00:00,26055,1.4167711097436372e-06
2023-06-30 15:00:00,26055,5.034137980668554e-07
2023-06-30 16:00:00,26055,1.7887536691085804e-07
2023-06-30 17:00:00,26055,6.35588396868789e-08
2023-06-30 18:00:00,26055,2.2584026923928306e-08
2023-06-30 19:00:00,26055,8.024663046295526e-09
2023-06-30 20:00:00,26055,2.8513611511130794e-09
2023-06-30 21:00:00,26055,1.0131591030267777e-09
2023-06-30 22:00:00,26055,3.6000047473653614e-10
2023-06-30 23:00:00,26055,1.2791706793469543e-10
2023-07-01 00:00:00,26055,4.5452096364551935e-11
2023-06-30 01:00:00,26057,6.512645546838948e-06
2023-06-30 02:00:00,26057,4.470876051816295e-06
2023-06-30 03:00:00,26057,3.0692185728434773e-06
2023-06-30 04:00:00,26057,2.106992575663204e-06
2023-06-30 05:00:00,26057,1.4464325718539375e-06
2023-06-30 06:00:00,26057,9.929637195145116e-07
2023-06-30 07:00:00,26057,6.816611900604093e-07
2023-06-30 08:00:00,26057,4.679546381228914e-07
2023-06-30 09:00:00,26057,3.2124689880220396e-07
2023-06-30 10:00:00,26057,2.205332773364495e-07
2023-06-30 11:00:00,26057,1.513942285329283e-07
2023-06-30 12:00:00,26057,1.0393085664850948e-07
2023-06-30 13:00:00,26057,7.134765352923392e-08
2023-06-30 14:00:00,26057,4.8979560337344825e-08
2023-06-30 15:00:00,26057,3.362405366080665e-08
2023-06-30 16:00:00,26057,2.308262828000088e-08
2023-06-30 17:00:00,26057,1.584602896746371e-08
2023-06-30 18:00:00,26057,1.0878164782268433e-08
2023-06-30 19:00:00,26057,7.467768061838e-09
2023-06-30 20:00:00,26057,5.126559575224453e-09
2023-06-30 21:00:00,26057,3.5193397626568732e-09
2023-06-30 22:00:00,26057,2.415996963124233e-09
2023-06-30 23:00:00,26057,1.6585614687622345e-09
2023-07-01 00:00:00,26057,1.138588412009229e-09
2023-06-30 01:00:00,26059,0.8768944514979659
2023-06-30 02:00:00,26059,0.7711990189616043
2023-06-30 03:00:00,26059,0.6782434600097599
2023-06-30 04:00:00,26059,0.5964921890920007
2023-06-30 05:00:00,26059,0.5245947106407
2023-06-30 06:00:00,26059,0.46136330946951254
2023-06-30 07:00:00,26059,0.40575343023320803
2023-06-30 08:00:00,26059,0.35684642182603854
2023-06-30 09:00:00,26059,0.3138343616635806
2023-06-30 10:00:00,26059,0.276006709151764
2023-06-30 11:00:00,26059,0.2427385678641793
2023-06-30 12:00:00,26059,0.21348036252392016
2023-06-30 13:00:00,26059,0.18774876025817433
2023-06-30 14:00:00,26059,0.16511868614862293
2023-06-30 15:00:00,26059,0.14521630117800152
2023-06-30 16:00:00,26059,0.12771282657154254
2023-06-30 17:00:00,26059,0.11231911251409668
2023-06-30 18:00:00,26059,0.09878086152049322
2023-06-30 19:00:00,26059,0.08687442755128799
2023-06-30 20:00:00,26059,0.07640312147711165
2023-06-30 21:00:00,26059,0.06719396185949007
2023-06-30 22:00:00,26059,0.05909481737244452
2023-06-30 23:00:00,26059,0.051971893658914435
2023-07-01 00:00:00,26059,0.045707523105960275
2023-06-30 01:00:00,26061,3.2475042233069322
2023-06-30 02:00:00,26061,2.439271902745505
2023-06-30 03:00:00,26061,1.8321908168189376
2023-06-30 04:00:00,26061,1.376198850754311
2023-06-30 05:00:00,26061,1.0336932482314964
2023-06-30 06:00:00,26061,0.7764297513064429
2023-06-30 07:00:00,26061,0.5831934761547146
2023-06-30 08:00:00,26061,0.43804945657624933
2023-06-30 09:00:00,26061,0.3290285887145998
2023-06-30 10:00:00,26061,0.2471406152119651
2023-06-30 11:00:00,26061,0.1856327558828884
2023-06-30 12:00:00,26061,0.13943284889503552
2023-06-30 13:00:00,26061,0.10473108185309186
2023-06-30 14:00:00,26061,0.07866582080938578
2023-06-30 15:00:00,26061,0.05908762951856877
2023-06-30 16:00:00,26061,0.044382019105647964
2023-06-30 17:00:00,26061,0.03333631144019895
2023-06-30 18:00:00,26061,0.02503963728627471
2023-06-30 19:00:00,26061,0.018807822711667612
2023-06-30 20:00:00,26061,0.014126969616585335
2023-06-30 21:00:00,26061,0.010611077826893767
2023-06-30 22:00:00,26061,0.007970214115574218
2023-06-30 23:00:00,26061,0.005986603254110172
2023-07-01 00:00:00,26061,0.004496669474925447
2023-06-30 01:00:00,26063,-4.6555267577321494e-36
2023-06-30 02:00:00,26063,-2.3346830750843808e-36
2023-06-30 03:00:00,26063,-1.1708116706734785e-36
2023-06-30 04:00:00,26063,-5.871460597004919e-37
2023-06-30 05:00:00,26063,-2.9444572859741886e-37
2023-06-30 06:00:00,26063,-1.4766051079945996e-37
2023-06-30 07:00:00,26063,-7.404972914165943e-38
2023-06-30 08:00:00,26063,-3.713492765442323e-38
2023-06-30 09:00:00,26063,-1.862265896018569e-38
2023-06-30 10:00:00,26063,-9.33900908532067e-39
2023-06-30 11:00:00,26063,-4.6833854865821134e-39
2023-06-30 12:00:00,26063,-2.3486538470558556e-39
2023-06-30 13:00:00,26063,-1.1778178219781602e-39
2023-06-30 14:00:00,26063,-5.9065954887663154e-40
2023-06-30 15:00:00,26063,-2.9620769542542636e-40
2023-06-30 16:00:00,26063,-1.4854411309545732e-40
2023-06-30 17:00:00,26063,-7.44928436232043e-41
2023-06-30 18:00:00,26063,-3.7357143514029104e-41
2023-06-30 19:00:00,26063,-1.8734097178336944e-41
2023-06-30 20:00:00,26063,-9.39489382949128e-42
2023-06-30 21:00:00,26063,-4.711410922404998e-42
2023-06-30 22:00:00,26063,-2.3627082202970537e-42
2023-06-30 23:00:00,26063,-1.184865898177625e-42
2023-07-01 00:00:00,26063,-5.941940628148162e-43
2023-06-30 01:00:00,26065,1.339748431155874
2023-06-30 02:00:00,26065,0.7424383185389466
2023-06-30 03:00:00,26065,0.4114314628152805
2023-06-30 04:00:00,26065,0.2279998814277818
2023-06-30 05:00:00,26065,0.1263489806427898
2023-06-30 06:00:00,26065,0.07001786496335803
2023-06-30 07:00:00,26065,0.038801273972183845
2023-06-30 08:00:00,26065,0.021502210366630786
2023-06-30 09:00:00,26065,0.011915718308174466
2023-06-30 10:00:00,26065,0.006603244056253362
2023-06-30 11:00:00,26065,0.0036592701286445126
2023-06-30 12:00:00,26065,0.0020278302241016326
2023-06-30 13:00:00,26065,0.0011237474341101194
2023-06-30 14:00:00,26065,0.0006227386694704805
2023-06-30 15:00:00,26065,0.00034509840795406203
2023-06-30 16:00:00,26065,0.0001912405909748528
2023-06-30 17:00:00,26065,0.00010597836093546796
2023-06-30 18:00:00,26065,5.872923174581277e-05
2023-06-30 19:00:00,26065,3.254553694743036e-05
2023-06-30 20:00:00,26065,1.8035515597768286e-05
2023-06-30 21:00:00,26065,9.994606123806038e-06
2023-06-30 22:00:00,26065,5.538635756128968e-06
2023-06-30 23:00:00,26065,3.069304148564928e-06
2023-07-01 00:00:00,26065,1.7008932111076555e-06
2023-06-30 01:00:00,26067,-0.09326090969056108
2023-06-30 02:00:00,26067,-0.059349990321308214
2023-06-30 03:00:00,26067,-0.037769536698995784
2023-06-30 04:00:00,26067,-0.02403602586510658
2023-06-30 05:00:00,26067,-0.01529620402792585
2023-06-30 06:00:00,26067,-0.009734298797023595
2023-06-30 07:00:00,26067,-0.0061947770111290745
2023-06-30 08:00:00,26067,-0.003942272886604536
2023-06-30 09:00:00,26067,-0.0025088095155865226
2023-06-30 10:00:00,26067,-0.001596572679401346
2023-06-30 11:00:00,26067,-0.0010160374092868761
2023-06-30 12:00:00,26067,-0.000646592560670318
2023-06-30 13:00:00,26067,-0.00041148282109773604
2023-06-30 14:00:00,26067,-0.00026186214063926214
2023-06-30 15:00:00,26067,-0.00016664554918050743
2023-06-30 16:00:00,26067,-0.00010605098924907028
2023-06-30 17:00:00,26067,-6.748942516624958e-05
2023-06-30 18:00:00,26067,-4.294936371195362e-05
2023-06-30 19:00:00,26067,-2.7332398204869556e-05
2023-06-30 20:00:00,26067,-1.739397111072068e-05
2023-06-30 21:00:00,26067,-1.1069289592988704e-05
2023-06-30 22:00:00,26067,-7.044347223155258e-06
2023-06-30 23:00:00,26067,-4.482927958792074e-06
2023-07-01 00:00:00,26067,-2.852875141881225e-06
2023-06-30 01:00:00,26069,58.581136252449014
2023-06-30 02:00:00,26069,40.657306129940594
2023-06-30 03:00:00,26069,28.217556836388603
2023-06-30 04:00:00,26069,19.583946640981857
2023-06-30 05:00:00,26069,13.591926766042102
2023-06-30 06:00:00,26069,9.433260649661861
2023-06-30 07:00:00,26069,6.547004557645309
2023-06-30 08:00:00,26069,4.543844410719734
2023-06-30 09:00:00,26069,3.153582962565506
2023-06-30 10:00:00,26069,2.188694110722897
2023-06-30 11:00:00,26069,1.51902834559203
2023-06-30 12:00:00,26069,1.0542574695145224
2023-06-30 13:00:00,26069,0.7316906331948542
2023-06-30 14:00:00,26069,0.5078182495132058
2023-06-30 15:00:00,26069,0.3524431813656708
2023-06-30 16:00:00,26069,0.24460758590347767
2023-06-30 17:00:00,26069,0.16976600554359636
2023-06-30 18:00:00,26069,0.11782339673472342
2023-06-30 19:00:00,26069,0.08177345501919704
2023-06-30 20:00:00,26069,0.05675356619392016
2023-06-30 21:00:00,26069,0.03938891019061781
2023-06-30 22:00:00,26069,0.027337246803193164
2023-06-30 23:00:00,26069,0.01897298146006342
2023-07-01 00:00:00,26069,0.013167896097051846
2023-06-30 01:00:00,26071,-2.5971517022473168e-08
2023-06-30 02:00:00,26071,-1.6518152503907863e-08
2023-06-30 03:00:00,26071,-1.0505715238207337e-08
2023-06-30 04:00:00,26071,-6.68174316953367e-09
2023-06-30 05:00:00,26071,-4.24965752176889e-09
2023-06-30 06:00:00,26071,-2.7028259832961093e-09
2023-06-30 07:00:00,26071,-1.7190251822786448e-09
2023-06-30 08:00:00,26071,-1.0933177332062026e-09
2023-06-30 09:00:00,26071,-6.953613466899116e-10
2023-06-30 10:00:00,26071,-4.422569832947299e-10
2023-06-30 11:00:00,26071,-2.8127999953407913e-10
2023-06-30 12:00:00,26071,-1.7889697873954263e-10
2023-06-30 13:00:00,26071,-1.1378032229504051e-10
2023-06-30 14:00:00,26071,-7.236545766606494e-11
2023-06-30 15:00:00,26071,-4.602517691626629e-11
2023-06-30 16:00:00,26071,-2.927248688108519e-11
2023-06-30 17:00:00,26071,-1.8617603355707366e-11
2023-06-30 18:00:00,26071,-1.1840987618117824e-11
2023-06-30 19:00:00,26071,-7.530990165253333e-12
2023-06-30 20:00:00,26071,-4.789787363881869e-12
2023-06-30 21:00:00,26071,-3.0463541297734095e-12
2023-06-30 22:00:00,26071,-1.9375126240398148e-12
2023-06-30 23:00:00,26071,-1.2322779980254205e-12
2023-07-01 00:00:00,26071,-7.837415073205394e-13
2023-06-30 01:00:00,26073,3.68900630323893e-21
2023-06-30 02:00:00,26073,2.7081404020085727e-21
2023-06-30 03:00:00,26073,1.9880758757587145e-21
2023-06-30 04:00:00,26073,1.4594685286044737e-21
2023-06-30 05:00:00,26073,1.0714120180015823e-21
2023-06-30 06:00:00,26073,7.86535433837586e-22
2023-06-30 07:00:00,26073,5.774043769230578e-22
2023-06-30 08:00:00,26073,4.238789508353523e-22
2023-06-30 09:00:00,26073,3.1117423445721724e-22
2023-06-30 10:00:00,26073,2.2843645337710277e-22
2023-06-30 11:00:00,26073,1.6769773153787197e-22
2023-06-30 12:00:00,26073,1.2310876284059414e-22
2023-06-30 13:00:00,26073,9.037550686676374e-23
2023-06-30 14:00:00,26073,6.634566096647683e-23
2023-06-30 15:00:00,26073,4.870508483640341e-23
2023-06-30 16:00:00,26073,3.5754942438811073e-23
2023-06-30 17:00:00,26073,2.6248099415015757e-23
2023-06-30 18:00:00,26073,1.926902061385223e-23
2023-06-30 19:00:00,26073,1.4145601536568975e-23
2023-06-30 20:00:00,26073,1.0384442823603339e-23
2023-06-30 21:00:00,26073,7.623334538153739e-24
2023-06-30 22:00:00,26073,5.596374352268045e-24
2023-06-30 23:00:00,26073,4.108360420754759e-24
2023-07-01 00:00:00,26073,3.015992906190025e-24
2023-06-30 01:00:00,26075,0.9403182160109497
2023-06-30 02:00:00,26075,0.8222900522696518
2023-06-30 03:00:00,26075,0.7190767109990275
2023-06-30 04:00:00,26075,0.6288186448005536
2023-06-30 05:00:00,26075,0.5498897155206847
2023-06-30 06:00:00,26075,0.48086789686607795
2023-06-30 07:00:00,26075,0.42050965440852456
2023-06-30 08:00:00,26075,0.36772754139589314
2023-06-30 09:00:00,26075,0.3215706067230952
2023-06-30 10:00:00,26075,0.2812072620824762
2023-06-30 11:00:00,26075,0.2459102996189456
2023-06-30 12:00:00,26075,0.21504379015981315
2023-06-30 13:00:00,26075,0.18805162597075295
2023-06-30 14:00:00,26075,0.16444750161798719
2023-06-30 15:00:00,26075,0.1438061524264821
2023-06-30 16:00:00,26075,0.1257556926814789
2023-06-30 17:00:00,26075,0.10997091553425295
2023-06-30 18:00:00,26075,0.09616743389957823
2023-06-30 19:00:00,26075,0.08409655678413619
2023-06-30 20:00:00,26075,0.07354080873502916
2023-06-30 21:00:00,26075,0.0643100116843588
2023-06-30 22:00:00,26075,0.056237858598261525
2023-06-30 23:00:00,26075,0.049178917199408236
2023-07-01 00:00:00,26075,0.0430060097804118
2023-06-30 01:00:00,26077,-0.9702985757433239
2023-06-30 02:00:00,26077,-0.7365476194515245
2023-06-30 03:00:00,26077,-0.5591087210491975
2023-06-30 04:00:00,26077,-0.42441595586996955
2023-06-30 05:00:00,26077,-0.32217151479769157
2023-06-30 06:00:00,26077,-0.24455839492245487
2023-06-30 07:00:00,26077,-0.1856427579098807
2023-06-30 08:00:00,26077,-0.14092026395296817
2023-06-30 09:00:00,26077,-0.10697169669400426
2023-06-30 10:00:00,26077,-0.08120155024271812
2023-06-30 11:00:00,26077,-0.061639592206171386
2023-06-30 12:00:00,26077,-0.04679023141782721
2023-06-30 13:00:00,26077,-0.035518173916709146
2023-06-30 14:00:00,26077,-0.02696162511170969
2023-06-30 15:00:00,26077,-0.020466402083875106
2023-06-30 16:00:00,26077,-0.015535918644493225
2023-06-30 17:00:00,26077,-0.011793219303478682
2023-06-30 18:00:00,26077,-0.008952159490693506
2023-06-30 19:00:00,26077,-0.006795528641036492
2023-06-30 20:00:00,26077,-0.005158443564276786
2023-06-30 21:00:00,26077,-0.003915742455287475
2023-06-30 22:00:00,26077,-0.002972415765547001
2023-06-30 23:00:00,26077,-0.002256342337158056
2023-07-01 00:00:00,26077,-0.0017127754473186855
2023-06-30 01:00:00,26079,4.979267553957015e-130
2023-06-30 02:00:00,26079,1.872089215536502e-130
2023-06-30 03:00:00,26079,7.038621630490379e-131
2023-06-30 04:00:00,26079,2.6463586268248044e-131
2023-06-30 05:00:00,26079,9.949695195197121e-132
2023-06-30 06:00:00,26079,3.7408548287390714e-132
2023-06-30 07:00:00,26079,1.4064747286384767e-132
2023-06-30 08:00:00,26079,5.288019056771199e-133
2023-06-30 09:00:00,26079,1.988172625884632e-133
2023-06-30 10:00:00,26079,7.475068353347699e-134
2023-06-30 11:00:00,26079,2.810452480823093e-134
2023-06-30 12:00:00,26079,1.056665006070116e-134
2023-06-30 13:00:00,26079,3.972815561450655e-135
2023-06-30 14:00:00,26079,1.493686588903387e-135
2023-06-30 15:00:00,26079,5.615915441730601e-136
2023-06-30 16:00:00,26079,2.111454068274302e-136
2023-06-30 17:00:00,26079,7.9385780086785795e-137
2023-06-30 18:00:00,26079,2.9847213703011043e-137
2023-06-30 19:00:00,26079,1.1221860701744217e-137
2023-06-30 20:00:00,26079,4.219159579262407e-138
2023-06-30 21:00:00,26079,1.5863062310615628e-138
2023-06-30 22:00:00,26079,5.9641438334613814e-139
2023-06-30 23:00:00,26079,2.242379874055664e-139
2023-07-01 00:00:00,26079,8.430828698931066e-140
2023-06-30 01:00:00,26081,496.94848259393314
2023-06-30 02:00:00,26081,382.27446281857095
2023-06-30 03:00:00,26081,294.062201700364
2023-06-30 04:00:00,26081,226.20548030148123
2023-06-30 05:00:00,26081,174.00712850052932
2023-06-30 06:00:00,26081,133.85387802561323
2023-06-30 07:00:00,26081,102.96624521587482
2023-06-30 08:00:00,26081,79.20612992495398
2023-06-30 09:00:00,26081,60.9288121999175
2023-06-30 10:00:00,26081,46.86910166688052
2023-06-30 11:00:00,26081,36.05375866925823
2023-06-30 12:00:00,26081,27.734124784807914
2023-06-30 13:00:00,26081,21.334299278902947
2023-06-30 14:00:00,26081,16.411274170480414
2023-06-30 15:00:00,26081,12.624268384807579
2023-06-30 16:00:00,26081,9.711138245336302
2023-06-30 17:00:00,26081,7.470231394440595
2023-06-30 18:00:00,26081,5.746428037237084
2023-06-30 19:00:00,26081,4.420403257082406
2023-06-30 20:00:00,26081,3.4003671199926266
2023-06-30 21:00:00,26081,2.61571080244804
2023-06-30 22:00:00,26081,2.0121189155770347
2023-06-30 23:00:00,26081,1.5478096915889181
2023-07-01 00:00:00,26081,1.1906427710757541
2023-06-30 01:00:00,26083,-3.0182970200202056e-148
2023-06-30 02:00:00,26083,-1.3617981183717602e-148
2023-06-30 03:00:00,26083,-6.144173694305446e-149
2023-06-30 04:00:00,26083,-2.7721341274088423e-149
2023-06-30 05:00:00,26083,-1.2507341105065369e-149
2023-06-30 06:00:00,26083,-5.643074047960252e-150
2023-06-30 07:00:00,26083,-2.546047512677642e-150
2023-06-30 08:00:00,26083,-1.1487281367777059e-150
2023-06-30 09:00:00,26083,-5.182842526127881e-151
2023-06-30 10:00:00,26083,-2.3383998172091227e-151
2023-06-30 11:00:00,26083,-1.0550414521679292e-151
2023-06-30 12:00:00,26083,-4.760146052017363e-152
2023-06-30 13:00:00,26083,-2.147687220248659e-152
2023-06-30 14:00:00,26083,-9.689955613997595e-153
2023-06-30 15:00:00,26083,-4.371923384186842e-153
2023-06-30 16:00:00,26083,-1.972528547972818e-153
2023-06-30 17:00:00,26083,-8.899673051547397e-154
2023-06-30 18:00:00,26083,-4.0153629465001997e-154
2023-06-30 19:00:00,26083,-1.8116552707881125e-154
2023-06-30 20:00:00,26083,-8.173843470451484e-155
2023-06-30 21:00:00,26083,-3.687882466203281e-155
2023-06-30 22:00:00,26083,-1.6639023164188837e-155
2023-06-30 23:00:00,26083,-7.507210286542575e-156
2023-07-01 00:00:00,26083,-3.3871102726551283e-156
2023-06-30 01:00:00,26085,2.7336523665112938e-92
2023-06-30 02:00:00,26085,2.215439624638387e-92
2023-06-30 03:00:00,26085,1.7954633846445228e-92
2023-06-30 04:00:00,26085,1.4551011590421243e-92
2023-06-30 05:00:00,26085,1.1792606862127314e-92
2023-06-30 06:00:00,26085,9.557107128980465e-93
2023-06-30 07:00:00,26085,7.745386388496322e-93
2023-06-30 08:00:00,26085,6.277109746441006e-93
2023-06-30 09:00:00,26085,5.0871712258778784e-93
2023-06-30 10:00:00,26085,4.12280685327716e-93
2023-06-30 11:00:00,26085,3.3412550108328433e-93
2023-06-30 12:00:00,26085,2.7078603108805577e-93
2023-06-30 13:00:00,26085,2.1945369148625517e-93
2023-06-30 14:00:00,26085,1.7785231576913783e-93
2023-06-30 15:00:00,26085,1.4413722553592248e-93
2023-06-30 16:00:00,26085,1.168134341987494e-93
2023-06-30 17:00:00,26085,9.466935663961979e-94
2023-06-30 18:00:00,26085,7.672308538854235e-94
2023-06-30 19:00:00,26085,6.2178851113836e-94
2023-06-30 20:00:00,26085,5.039173680590738e-94
2023-06-30 21:00:00,26085,4.083908101915365e-94
2023-06-30 22:00:00,26085,3.309730214128038e-94
2023-06-30 23:00:00,26085,2.682311603724488e-94
2023-07-01 00:00:00,26085,2.1738314225017675e-94
2023-06-30 01:00:00,26087,0.720631940176791
2023-06-30 02:00:00,26087,0.49235166920380047
2023-06-30 03:00:00,26087,0.33638554253964736
2023-06-30 04:00:00,26087,0.22982603758139034
2023-06-30 05:00:00,26087,0.15702222857612
2023-06-30 06:00:00,26087,0.10728105712686986
2023-06-30 07:00:00,26087,0.07329678939488088
2023-06-30 08:00:00,26087,0.05007798654746788
2023-06-30 09:00:00,26087,0.03421438725150384
2023-06-30 10:00:00,26087,0.02337602558933271
2023-06-30 11:00:00,26087,0.015971017348239077
2023-06-30 12:00:00,26087,0.010911752049679153
2023-06-30 13:00:00,26087,0.007455150175940743
2023-06-30 14:00:00,26087,0.00509352337670315
2023-06-30 15:00:00,26087,0.003480007749910641
2023-06-30 16:00:00,26087,0.0023776182111638357
2023-06-30 17:00:00,26087,0.0016244413128686497
2023-06-30 18:00:00,26087,0.0011098542089575999
2023-06-30 19:00:00,26087,0.0007582769259701163
2023-06-30 20:00:00,26087,0.0005180715555412698
2023-06-30 21:00:00,26087,0.00035395793735589496
2023-06-30 22:00:00,26087,0.00024183188611145298
2023-06-30 23:00:00,26087,0.00016522488964958585
2023-07-01 00:00:00,26087,0.00011288529647052589
2023-06-30 01:00:00,26089,2.368868617562916e-59
2023-06-30 02:00:00,26089,1.4988440744007712e-59
2023-06-30 03:00:00,26089,9.483571789124932e-60
2023-06-30 04:00:00,26089,6.000499679424158e-60
2023-06-30 05:00:00,26089,3.7966704110426485e-60
2023-06-30 06:00:00,26089,2.4022509757837486e-60
2023-06-30 07:00:00,26089,1.5199659506575874e-60
2023-06-30 08:00:00,26089,9.617215330320244e-61
2023-06-30 09:00:00,26089,6.085059383713967e-61
2023-06-30 10:00:00,26089,3.8501735098503204e-61
2023-06-30 11:00:00,26089,2.436103761884001e-61
2023-06-30 12:00:00,26089,1.5413854787277093e-61
2023-06-30 13:00:00,26089,9.752742191060171e-62
2023-06-30 14:00:00,26089,6.170810712696982e-62
2023-06-30 15:00:00,26089,3.904430580236272e-62
2023-06-30 16:00:00,26089,2.4704336051853128e-62
2023-06-30 17:00:00,26089,1.5631068531533687e-62
2023-06-30 18:00:00,26089,9.890178911291767e-63
2023-06-30 19:00:00,26089,6.257770458880007e-63
2023-06-30 20:00:00,26089,3.959452247251269e-63
2023-06-30 21:00:00,26089,2.505247228430456e-63
2023-06-30 22:00:00,26089,1.585134327586749e-63
2023-06-30 23:00:00,26089,1.0029552404965945e-63
2023-07-01 00:00:00,26089,6.345955651411701e-64
2023-06-30 01:00:00,26091,0.08976651899733146
2023-06-30 02:00:00,26091,0.07649033220500535
2023-06-30 03:00:00,26091,0.06517765182591082
2023-06-30 04:00:00,26091,0.05553808141601545
2023-06-30 05:00:00,26091,0.047324173255130254
2023-06-30 06:00:00,26091,0.040325076365273244
2023-06-30 07:00:00,26091,0.03436112396720713
2023-06-30 08:00:00,26091,0.029279221435189854
2023-06-30 09:00:00,26091,0.024948916358761362
2023-06-30 10:00:00,26091,0.021259049830073946
2023-06-30 11:00:00,26091,0.01811490299533013
2023-06-30 12:00:00,26091,0.01543576562231893
2023-06-30 13:00:00,26091,0.013152864269192337
2023-06-30 14:00:00,26091,0.011207596870585732
2023-06-30 15:00:00,26091,0.00955002842291752
2023-06-30 16:00:00,26091,0.008137609153117769
2023-06-30 17:00:00,26091,0.006934082266184058
2023-06-30 18:00:00,26091,0.005908553233450237
2023-06-30 19:00:00,26091,0.005034696730202967
2023-06-30 20:00:00,26091,0.004290080864738972
2023-06-30 21:00:00,26091,0.0036555913518265724
2023-06-30 22:00:00,26091,0.0031149408491073544
2023-06-30 23:00:00,26091,0.0026542508611060874
2023-07-01 00:00:00,26091,0.002261695478327076
2023-06-30 01:00:00,26093,126.78095711420137
2023-06-30 02:00:00,26093,116.63480845101309
2023-06-30 03:00:00,26093,107.30064555476287
2023-06-30 04:00:00,26093,98.71348604567325
2023-06-30 05:00:00,26093,90.81354801650393
2023-06-30 06:00:00,26093,83.54583384412192
2023-06-30 07:00:00,26093,76.85974730820053
2023-06-30 08:00:00,26093,70.70874135151229
2023-06-30 09:00:00,26093,65.04999402960071
2023-06-30 10:00:00,26093,59.84411039386415
2023-06-30 11:00:00,26093,55.054848232627606
2023-06-30 12:00:00,26093,50.64886576087249
2023-06-30 13:00:00,26093,46.59548950209588
2023-06-30 14:00:00,26093,42.86650074634419
2023-06-30 15:00:00,26093,39.43593909778915
2023-06-30 16:00:00,26093,36.2799217441878
2023-06-30 17:00:00,26093,33.37647719002034
2023-06-30 18:00:00,26093,30.70539229579275
2023-06-30 19:00:00,26093,28.248071558625572
2023-06-30 20:00:00,26093,25.987407654471376
2023-06-30 21:00:00,26093,23.907662340704466
2023-06-30 22:00:00,26093,21.99435688995295
2023-06-30 23:00:00,26093,20.234171292397736
2023-07-01 00:00:00,26093,18.614851524807122
2023-06-30 01:00:00,26095,5e-324
2023-06-30 02:00:00,26095,5e-324
2023-06-30 03:00:00,26095,5e-324
2023-06-30 04:00:00,26095,5e-324
2023-06-30 05:00:00,26095,5e-324
2023-06-30 06:00:00,26095,5e-324
2023-06-30 07:00:00,26095,5e-324
2023-06-30 08:00:00,26095,5e-324
2023-06-30 09:00:00,26095,5e-324
2023-06-30 10:00:00,26095,5e-324
2023-06-30 11:00:00,26095,5e-324
2023-06-30 12:00:00,26095,5e-324
2023-06-30 13:00:00,26095,5e-324
2023-06-30 14:00:00,26095,5e-324
2023-06-30 15:00:00,26095,5e-324
2023-06-30 16:00:00,26095,5e-324
2023-06-30 17:00:00,26095,5e-324
2023-06-30 18:00:00,26095,5e-324
2023-06-30 19:00:00,26095,5e-324
2023-06-30 20:00:00,26095,5e-324
2023-06-30 21:00:00,26095,5e-324
2023-06-30 22:00:00,26095,5e-324
2023-06-30 23:00:00,26095,5e-324
2023-07-01 00:00:00,26095,5e-324
2023-06-30 01:00:00,26097,1.1072091767890405e-39
2023-06-30 02:00:00,26097,9.710819856673628e-40
2023-06-30 03:00:00,26097,8.51691119127475e-40
2023-06-30 04:00:00,26097,7.469789092031245e-40
2023-06-30 05:00:00,26097,6.551406704415521e-40
2023-06-30 06:00:00,26097,5.74593596657884e-40
2023-06-30 07:00:00,26097,5.0394948171622926e-40
2023-06-30 08:00:00,26097,4.419907941878235e-40
2023-06-30 09:00:00,26097,3.876496935396922e-40
2023-06-30 10:00:00,26097,3.399896262037512e-40
2023-06-30 11:00:00,26097,2.981891843397799e-40
2023-06-30 12:00:00,26097,2.6152794910259e-40
2023-06-30 13:00:00,26097,2.293740744260872e-40
2023-06-30 14:00:00,26097,2.011733973342398e-40
2023-06-30 15:00:00,26097,1.7643988709823042e-40
2023-06-30 16:00:00,26097,1.547472686337031e-40
2023-06-30 17:00:00,26097,1.3572167576971683e-40
2023-06-30 18:00:00,26097,1.1903520777056406e-40
2023-06-30 19:00:00,26097,1.0440027805892244e-40
2023-06-30 20:00:00,26097,9.156465774217445e-41
2023-06-30 21:00:00,26097,8.030712851846673e-41
2023-06-30 22:00:00,26097,7.043367004156924e-41
2023-06-30 23:00:00,26097,6.177411603484094e-41
2023-07-01 00:00:00,26097,5.417922152336807e-41
2023-06-30 01:00:00,26099,15.22434176955647
2023-06-30 02:00:00,26099,14.459801696565258
2023-06-30 03:00:00,26099,13.733655501749999
2023-06-30 04:00:00,26099,13.043975111052228
2023-06-30 05:00:00,26099,12.388929274953007
2023-06-30 06:00:00,26099,11.766778706112259
2023-06-30 07:00:00,26099,11.175871461187437
2023-06-30 08:00:00,26099,10.614638554569265
2023-06-30 09:00:00,26099,10.081589792388058
2023-06-30 10:00:00,26099,9.57530981572905
2023-06-30 11:00:00,26099,9.094454342550572
2023-06-30 12:00:00,26099,8.637746598326604
2023-06-30 13:00:00,26099,8.203973925936277
2023-06-30 14:00:00,26099,7.791984565798834
2023-06-30 15:00:00,26099,7.400684597704661
2023-06-30 16:00:00,26099,7.029035036222248
2023-06-30 17:00:00,26099,6.676049071968786
2023-06-30 18:00:00,26099,6.340789451419384
2023-06-30 19:00:00,26099,6.022365988297713
2023-06-30 20:00:00,26099,5.719933199940318
2023-06-30 21:00:00,26099,5.432688062358608
2023-06-30 22:00:00,26099,5.15986787803775
2023-06-30 23:00:00,26099,4.9007482508110085
2023-07-01 00:00:00,26099,4.654641162432386
2023-06-30 01:00:00,26101,-1.3536942465150127e-05
2023-06-30 02:00:00,26101,-4.7112207873848266e-06
2023-06-30 03:00:00,26101,-1.639631797551616e-06
2023-06-30 04:00:00,26101,-5.706360522820361e-07
2023-06-30 05:00:00,26101,-1.9859672436840255e-07
2023-06-30 06:00:00,26101,-6.911701209927366e-08
2023-06-30 07:00:00,26101,-2.405458285741598e-08
2023-06-30 08:00:00,26101,-8.371643085687892e-09
2023-06-30 09:00:00,26101,-2.9135574027441097e-09
2023-06-30 10:00:00,26101,-1.0139964941407295e-09
2023-06-30 11:00:00,26101,-3.5289810633602054e-10
2023-06-30 12:00:00,26101,-1.2281805131987482e-10
2023-06-30 13:00:00,26101,-4.2743991705210637e-11
2023-06-30 14:00:00,26101,-1.487606102898212e-11
2023-06-30 15:00:00,26101,-5.177270135746908e-12
2023-06-30 16:00:00,26101,-1.8018295304298609e-12
2023-06-30 17:00:00,26101,-6.270852344197253e-13
2023-06-30 18:00:00,26101,-2.182425610115447e-13
2023-06-30 19:00:00,26101,-7.59542926902946e-14
2023-06-30 20:00:00,26101,-2.643414076220341e-14
2023-06-30 21:00:00,26101,-9.199793363690577e-15
2023-06-30 22:00:00,26101,-3.2017760174607755e-15
2023-06-30 23:00:00,26101,-1.1143043393177428e-15
2023-07-01 00:00:00,26101,-3.8780793967189585e-16
2023-06-30 01:00:00,26103,-5.869270464891677e-06
2023-06-30 02:00:00,26103,-5.715634131282907e-06
2023-06-30 03:00:00,26103,-5.566019442808049e-06
2023-06-30 04:00:00,26103,-5.420321127301312e-06
2023-06-30 05:00:00,26103,-5.278436668242549e-06
2023-06-30 06:00:00,26103,-5.14026623262439e-06
2023-06-30 07:00:00,26103,-5.005712600707557e-06
2023-06-30 08:00:00,26103,-4.874681097614929e-06
2023-06-30 09:00:00,26103,-4.747079526716227e-06
2023-06-30 10:00:00,26103,-4.622818104756454e-06
2023-06-30 11:00:00,26103,-4.501809398682431e-06
2023-06-30 12:00:00,26103,-4.3839682641229874e-06
2023-06-30 13:00:00,26103,-4.269211785479523e-06
2023-06-30 14:00:00,26103,-4.157459217584778e-06
2023-06-30 15:00:00,26103,-4.048631928888772e-06
2023-06-30 16:00:00,26103,-3.942653346131919e-06
2023-06-30 17:00:00,26103,-3.839448900466415e-06
2023-06-30 18:00:00,26103,-3.738945974987964e-06
2023-06-30 19:00:00,26103,-3.641073853640934e-06
2023-06-30 20:00:00,26103,-3.545763671460997e-06
2023-06-30 21:00:00,26103,-3.4529483661202345e-06
2023-06-30 22:00:00,26103,-3.3625626307406168e-06
2023-06-30 23:00:00,26103,-3.274542867942655e-06
2023-07-01 00:00:00,26103,-3.1888271450968955e-06
2023-06-30 01:00:00,26105,-2.741854897479142e-28
2023-06-30 02:00:00,26105,-1.3266197686397643e-28
2023-06-30 03:00:00,26105,-6.418720451486657e-29
2023-06-30 04:00:00,26105,-3.1056353303537027e-29
2023-06-30 05:00:00,26105,-1.502631385497908e-29
2023-06-30 06:00:00,26105,-7.270335504671788e-30
2023-06-30 07:00:00,26105,-3.517680973566007e-30
2023-06-30 08:00:00,26105,-1.701995653960801e-30
2023-06-30 09:00:00,26105,-8.234940086578884e-31
2023-06-30 10:00:00,26105,-3.984395498997301e-31
2023-06-30 11:00:00,26105,-1.9278109282547578e-31
2023-06-30 12:00:00,26105,-9.327525282150681e-32
2023-06-30 13:00:00,26105,-4.513032196986428e-32
2023-06-30 14:00:00,26105,-2.1835866422159882e-32
2023-06-30 15:00:00,26105,-1.0565071144956499e-32
2023-06-30 16:00:00,26105,-5.111806700956706e-33
2023-06-30 17:00:00,26105,-2.4732978500026442e-33
2023-06-30 18:00:00,26105,-1.1966810587111657e-33
2023-06-30 19:00:00,26105,-5.790024667981438e-34
2023-06-30 20:00:00,26105,-2.8014470030919994e-34
2023-06-30 21:00:00,26105,-1.3554528281257237e-34
2023-06-30 22:00:00,26105,-6.558226399593566e-35
2023-06-30 23:00:00,26105,-3.1731339236496545e-35
2023-07-01 00:00:00,26105,-1.535289921988702e-35
2023-06-30 01:00:00,26107,285.4711579786562
2023-06-30 02:00:00,26107,186.9179431519339
2023-06-30 03:00:00,26107,122.38825708186543
2023-06-30 04:00:00,26107,80.13615610654021
2023-06-30 05:00:00,26107,52.47074898073139
2023-06-30 06:00:00,26107,34.35627103125086
2023-06-30 07:00:00,26107,22.495454745771273
2023-06-30 08:00:00,26107,14.72934835560991
2023-06-30 09:00:00,26107,9.644335063806238
2023-06-30 10:00:00,26107,6.314821034668307
2023-06-30 11:00:00,26107,4.134755214959468
2023-06-30 12:00:00,26107,2.7073135713231684
2023-06-30 13:00:00,26107,1.772667641110275
2023-06-30 14:00:00,26107,1.1606895481647805
2023-06-30 15:00:00,26107,0.7599846671625203
2023-06-30 16:00:00,26107,0.49761514199499757
2023-06-30 17:00:00,26107,0.32582345439575644
2023-06-30 18:00:00,26107,0.21333941529345743
2023-06-30 19:00:00,26107,0.13968824375200373
2023-06-30 20:00:00,26107,0.09146366795689637
2023-06-30 21:00:00,26107,0.05988766363890514
2023-06-30 22:00:00,26107,0.039212644061211804
2023-06-30 23:00:00,26107,0.02567526199623506
2023-07-01 00:00:00,26107,0.016811390671495063
2023-06-30 01:00:00,26109,0.005094821981348083
2023-06-30 02:00:00,26109,0.004247125065376917
2023-06-30 03:00:00,26109,0.003540471362294788
2023-06-30 04:00:00,26109,0.0029513935366339587
2023-06-30 05:00:00,26109,0.0024603288423264563
2023-06-30 06:00:00,26109,0.0020509694614589042
2023-06-30 07:00:00,26109,0.0017097209362710378
2023-06-30 08:00:00,26109,0.0014252507094104706
2023-06-30 09:00:00,26109,0.0011881117798706224
2023-06-30 10:00:00,26109,0.0009904289765631658
2023-06-30 11:00:00,26109,0.0008256374309518074
2023-06-30 12:00:00,26109,0.0006882645636582158
2023-06-30 13:00:00,26109,0.0005737483450108799
2023-06-30 14:00:00,26109,0.00047828579413278384
2023-06-30 15:00:00,26109,0.0003987066853585256
2023-06-30 16:00:00,26109,0.00033236826788430435
2023-06-30 17:00:00,26109,0.00027706750238480925
2023-06-30 18:00:00,26109,0.00023096790005379896
2023-06-30 19:00:00,26109,0.00019253853445854886
2023-06-30 20:00:00,26109,0.00016050320084657176
2023-06-30 21:00:00,26109,0.00013379803453080212
2023-06-30 22:00:00,26109,0.0001115361808978409
2023-06-30 23:00:00,26109,9.297834376193289e-05
2023-07-01 00:00:00,26109,7.750823400193644e-05
2023-06-30 01:00:00,26111,-0.003901830923185289
2023-06-30 02:00:00,26111,-0.002750853942168317
2023-06-30 03:00:00,26111,-0.0019393965448829425
2023-06-30 04:00:00,26111,-0.001367305948399115
2023-06-30 05:00:00,26111,-0.0009639728200301829
2023-06-30 06:00:00,26111,-0.000679616437597548
2023-06-30 07:00:00,26111,-0.00047914058638947937
2023-06-30 08:00:00,26111,-0.0003378018670902177
2023-06-30 09:00:00,26111,-0.0002381557827724499
2023-06-30 10:00:00,26111,-0.00016790368080710002
2023-06-30 11:00:00,26111,-0.00011837481206790065
2023-06-30 12:00:00,26111,-8.345615810656045e-05
2023-06-30 13:00:00,26111,-5.883794199320106e-05
2023-06-30 14:00:00,26111,-4.1481701249355186e-05
2023-06-30 15:00:00,26111,-2.9245270657828115e-05
2023-06-30 16:00:00,26111,-2.0618389074939812e-05
2023-06-30 17:00:00,26111,-1.4536297954616659e-05
2023-06-30 18:00:00,26111,-1.0248325291436925e-05
2023-06-30 19:00:00,26111,-7.225235173839381e-06
2023-06-30 20:00:00,26111,-5.093907719820848e-06
2023-06-30 21:00:00,26111,-3.59128737456197e-06
2023-06-30 22:00:00,26111,-2.5319157150223767e-06
2023-06-30 23:00:00,26111,-1.7850415517803487e-06
2023-07-01 00:00:00,26111,-1.2584831804143347e-06
2023-06-30 01:00:00,26113,-5.174671451589635e-09
2023-06-30 02:00:00,26113,-5.334545616942358e-10
2023-06-30 03:00:00,26113,-5.499359177769044e-11
2023-06-30 04:00:00,26113,-5.669264739261374e-12
2023-06-30 05:00:00,26113,-5.844419621427777e-13
2023-06-30 06:00:00,26113,-6.024986004760155e-14
2023-06-30 07:00:00,26113,-6.211131080401038e-15
2023-06-30 08:00:00,26113,-6.403027204950246e-16
2023-06-30 09:00:00,26113,-6.600852060054377e-17
2023-06-30 10:00:00,26113,-6.804788816926895e-18
2023-06-30 11:00:00,26113,-7.015026305951156e-19
2023-06-30 12:00:00,26113,-7.231759191523401e-20
2023-06-30 13:00:00,26113,-7.455188152297619e-21
2023-06-30 14:00:00,26113,-7.68552006699917e-22
2023-06-30 15:00:00,26113,-7.922968205979209e-23
2023-06-30 16:00:00,26113,-8.167752428687294e-24
2023-06-30 17:00:00,26113,-8.420099387245005e-25
2023-06-30 18:00:00,26113,-8.680242736309076e-26
2023-06-30 19:00:00,26113,-8.948423349418367e-27
2023-06-30 20:00:00,26113,-9.224889542024972e-28
2023-06-30 21:00:00,26113,-9.509897301416006e-29
2023-06-30 22:00:00,26113,-9.80371052373893e-30
2023-06-30 23:00:00,26113,-1.0106601258349914e-30
2023-07-01 00:00:00,26113,-1.041884995971145e-31
2023-06-30 01:00:00,26115,1.0304576623214807
2023-06-30 02:00:00,26115,0.9252105225787897
2023-06-30 03:00:00,26115,0.8307129369701934
2023-06-30 04:00:00,26115,0.7458669857387813
2023-06-30 05:00:00,26115,0.6696868865965626
2023-06-30 06:00:00,26115,0.6012875414175589
2023-06-30 07:00:00,26115,0.5398742527293626
2023-06-30 08:00:00,26115,0.48473349052426634
2023-06-30 09:00:00,26115,0.43522460211420205
2023-06-30 10:00:00,26115,0.39077236871047777
2023-06-30 11:00:00,26115,0.3508603222469685
2023-06-30 12:00:00,26115,0.3150247447983029
2023-06-30 13:00:00,26115,0.2828492808753137
2023-06-30 14:00:00,26115,0.25396010000073205
2023-06-30 15:00:00,26115,0.22802155336153387
2023-06-30 16:00:00,26115,0.20473227407477382
2023-06-30 17:00:00,26115,0.18382167575786373
2023-06-30 18:00:00,26115,0.16504680872195074
2023-06-30 19:00:00,26115,0.14818953726209227
2023-06-30 20:00:00,26115,0.1330540052485874
2023-06-30 21:00:00,26115,0.11946436057344885
2023-06-30 22:00:00,26115,0.10726271201350791
2023-06-30 23:00:00,26115,0.09630729477197573
2023-07-01 00:00:00,26115,0.08647082338481414
2023-06-30 01:00:00,26117,1696.9820483398976
2023-06-30 02:00:00,26117,1286.1435167879736
2023-06-30 03:00:00,26117,974.7687946339519
2023-06-30 04:00:00,26117,738.7777418223909
2023-06-30 05:00:00,26117,559.9200085361257
2023-06-30 06:00:00,26117,424.36364580467546
2023-06-30 07:00:00,26117,321.625412800402
2023-06-30 08:00:00,26117,243.76005621989898
2023-06-30 09:00:00,26117,184.74586473427465
2023-06-30 10:00:00,26117,140.0189804092631
2023-06-30 11:00:00,26117,106.12045310485567
2023-06-30 12:00:00,26117,80.4287428337455
2023-06-30 13:00:00,26117,60.956983169164225
2023-06-30 14:00:00,26117,46.19932708343604
2023-06-30 15:00:00,26117,35.0144923845576
2023-06-30 16:00:00,26117,26.537500746148492
2023-06-30 17:00:00,26117,20.11278467547973
2023-06-30 18:00:00,26117,15.243489252126453
2023-06-30 19:00:00,26117,11.553047891124622
2023-06-30 20:00:00,26117,8.756060595247229
2023-06-30 21:00:00,26117,6.63622256829215
2023-06-30 22:00:00,26117,5.029596300397302
2023-06-30 23:00:00,26117,3.8119334733947055
2023-07-01 00:00:00,26117,2.8890662267345775
2023-06-30 01:00:00,26119,1.254100151553947e-14
2023-06-30 02:00:00,26119,2.081938392353319e-15
2023-06-30 03:00:00,26119,3.4562370989142405e-16
2023-06-30 04:00:00,26119,5.73771775754058e-17
2023-06-30 05:00:00,26119,9.525216043638496e-18
2023-06-30 06:00:00,26119,1.5812862275902308e-18
2023-06-30 07:00:00,26119,2.6251017531896325e-19
2023-06-30 08:00:00,26119,4.3579455093977043e-20
2023-06-30 09:00:00,26119,7.234648729255445e-21
2023-06-30 10:00:00,26119,1.201027918381457e-21
2023-06-30 11:00:00,26119,1.993832893224862e-22
2023-06-30 12:00:00,26119,3.3099726869486573e-23
2023-06-30 13:00:00,26119,5.4949034222350544e-24
2023-06-30 14:00:00,26119,9.122118662412658e-25
2023-06-30 15:00:00,26119,1.5143678149904651e-25
2023-06-30 16:00:00,26119,2.5140101372814758e-26
2023-06-30 17:00:00,26119,4.173521721599596e-27
2023-06-30 18:00:00,26119,6.928485809328881e-28
2023-06-30 19:00:00,26119,1.1502016477267331e-28
2023-06-30 20:00:00,26119,1.9094559285262348e-29
2023-06-30 21:00:00,26119,3.169898035001088e-30
2023-06-30 22:00:00,26119,5.262364740755892e-31
2023-06-30 23:00:00,26119,8.736079949253422e-32
2023-07-01 00:00:00,26119,1.4502813210318278e-32
2023-06-30 01:00:00,26121,0.601894452096805
2023-06-30 02:00:00,26121,0.46599997725961567
2023-06-30 03:00:00,26121,0.3607874736998511
2023-06-30 04:00:00,26121,0.279329629894386
2023-06-30 05:00:00,26121,0.21626316827686154
2023-06-30 06:00:00,26121,0.16743572091091694
2023-06-30 07:00:00,26121,0.12963243283788498
2023-06-30 08:00:00,26121,0.10036429235079124
2023-06-30 09:00:00,26121,0.07770425161789657
2023-06-30 10:00:00,26121,0.060160347650274455
2023-06-30 11:00:00,26121,0.04657746975286879
2023-06-30 12:00:00,26121,0.03606130571570109
2023-06-30 13:00:00,26121,0.027919459275504356
2023-06-30 14:00:00,26121,0.021615861954137554
2023-06-30 15:00:00,26121,0.016735477697101306
2023-06-30 16:00:00,26121,0.012956976425201728
2023-06-30 17:00:00,26121,0.010031577294761763
2023-06-30 18:00:00,26121,0.007766668682444021
2023-06-30 19:00:00,26121,0.006013126415758658
2023-06-30 20:00:00,26121,0.004655495267053987
2023-06-30 21:00:00,26121,0.003604387249328697
2023-06-30 22:00:00,26121,0.0027905962089710004
2023-06-30 23:00:00,26121,0.0021605412134819025
2023-07-01 00:00:00,26121,0.001672738721620746
2023-06-30 01:00:00,26123,2386.7130962639912
2023-06-30 02:00:00,26123,1608.0333477994204
2023-06-30 03:00:00,26123,1083.4026308744917
2023-06-30 04:00:00,26123,729.9358947947517
2023-06-30 05:00:00,26123,491.7898437072731
2023-06-30 06:00:00,26123,331.34039865463967
2023-06-30 07:00:00,26123,223.23856660603073
2023-06-30 08:00:00,26123,150.40561858036318
2023-06-30 09:00:00,26123,101.33486540640854
2023-06-30 10:00:00,26123,68.27374564766168
2023-06-30 11:00:00,26123,45.99901846286773
2023-06-30 12:00:00,26123,30.991557288606362
2023-06-30 13:00:00,26123,20.880372131164183
2023-06-30 14:00:00,26123,14.068022986898558
2023-06-30 15:00:00,26123,9.478244425755445
2023-06-30 16:00:00,26123,6.385909198330766
2023-06-30 17:00:00,26123,4.302467256332146
2023-06-30 18:00:00,26123,2.8987609934461602
2023-06-30 19:00:00,26123,1.953022486053356
2023-06-30 20:00:00,26123,1.3158369522888627
2023-06-30 21:00:00,26123,0.8865370969218531
2023-06-30 22:00:00,26123,0.5972989456265778
2023-06-30 23:00:00,26123,0.40242651061681395
2023-07-01 00:00:00,26123,0.2711323996685431
2023-06-30 01:00:00,26125,163.35005062110662
2023-06-30 02:00:00,26125,157.93350707202214
2023-06-30 03:00:00,26125,152.69657132781788
2023-06-30 04:00:00,26125,147.6332877521583
2023-06-30 05:00:00,26125,142.7378981923539
2023-06-30 06:00:00,26125,138.00483543097772
2023-06-30 07:00:00,26125,133.42871685462057
2023-06-30 08:00:00,26125,129.00433833258458
2023-06-30 09:00:00,26125,124.72666829855409
2023-06-30 10:00:00,26125,120.59084202851288
2023-06-30 11:00:00,26125,116.59215610840084
2023-06-30 12:00:00,26125,112.7260630852181
2023-06-30 13:00:00,26125,108.98816629549385
2023-06-30 14:00:00,26125,105.37421486523868
2023-06-30 15:00:00,26125,101.88009887569395
2023-06-30 16:00:00,26125,98.50184468938073
2023-06-30 17:00:00,26125,95.23561043113284
2023-06-30 18:00:00,26125,92.07768161897475
2023-06-30 19:00:00,26125,89.02446693987585
2023-06-30 20:00:00,26125,86.07249416557686
2023-06-30 21:00:00,26125,83.21840620384391
2023-06-30 22:00:00,26125,80.45895728065956
2023-06-30 23:00:00,26125,77.79100924900888
2023-07-01 00:00:00,26125,75.21152802006308
2023-06-30 01:00:00,26127,5.962920895031842e-11
2023-06-30 02:00:00,26127,4.071861980883677e-11
2023-06-30 03:00:00,26127,2.7805265713284976e-11
2023-06-30 04:00:00,26127,1.8987205485255554e-11
2023-06-30 05:00:00,26127,1.2965672612402692e-11
2023-06-30 06:00:00,26127,8.85378664188121e-12
2023-06-30 07:00:00,26127,6.04592914253969e-12
2023-06-30 08:00:00,26127,4.1285452965064955e-12
2023-06-30 09:00:00,26127,2.8192335476406078e-12
2023-06-30 10:00:00,26127,1.9251521360000034e-12
2023-06-30 11:00:00,26127,1.3146164317770236e-12
2023-06-30 12:00:00,26127,8.977037868232927e-13
2023-06-30 13:00:00,26127,6.130092925946071e-13
2023-06-30 14:00:00,26127,4.186017685601126e-13
2023-06-30 15:00:00,26127,2.858479353550922e-13
2023-06-30 16:00:00,26127,1.951951670625474e-13
2023-06-30 17:00:00,26127,1.3329168600516545e-13
2023-06-30 18:00:00,26127,9.102004842367104e-14
2023-06-30 19:00:00,26127,6.215428331161154e-14
2023-06-30 20:00:00,26127,4.244290132651045e-14
2023-06-30 21:00:00,26127,2.898271489964021e-14
2023-06-30 22:00:00,26127,1.9791242744971156e-14
2023-06-30 23:00:00,26127,1.3514720437567975e-14
2023-07-01 00:00:00,26127,9.22871144875565e-15
2023-06-30 01:00:00,26129,-0.013502186145903117
2023-06-30 02:00:00,26129,-0.007260351343074027
2023-06-30 03:00:00,26129,-0.003904012361796027
2023-06-30 04:00:00,26129,-0.0020992527497440687
2023-06-30 05:00:00,26129,-0.001128803317948684
2023-06-30 06:00:00,26129,-0.0006069764256673247
2023-06-30 07:00:00,26129,-0.0003263813770368719
2023-06-30 08:00:00,26129,-0.0001755007258467555
2023-06-30 09:00:00,26129,-9.436967590604425e-05
2023-06-30 10:00:00,26129,-5.074415326571407e-05
2023-06-30 11:00:00,26129,-2.728598001351573e-05
2023-06-30 12:00:00,26129,-1.4672127868591855e-05
2023-06-30 13:00:00,26129,-7.8894485770963e-06
2023-06-30 14:00:00,26129,-4.242288467502335e-06
2023-06-30 15:00:00,26129,-2.2811494701606997e-06
2023-06-30 16:00:00,26129,-1.226612227121393e-06
2023-06-30 17:00:00,26129,-6.595699121889243e-07
2023-06-30 18:00:00,26129,-3.5466177447606005e-07
2023-06-30 19:00:00,26129,-1.9070756859885143e-07
2023-06-30 20:00:00,26129,-1.0254664962023018e-07
2023-06-30 21:00:00,26129,-5.514104880889131e-08
2023-06-30 22:00:00,26129,-2.9650264294394886e-08
2023-06-30 23:00:00,26129,-1.594344307404088e-08
2023-07-01 00:00:00,26129,-8.573056028483193e-09
2023-06-30 01:00:00,26131,-2.0951009117567293e-54
2023-06-30 02:00:00,26131,-1.315412101453223e-54
2023-06-30 03:00:00,26131,-8.258833676888291e-55
2023-06-30 04:00:00,26131,-5.185320526331626e-55
2023-06-30 05:00:00,26131,-3.2556109025465458e-55
2023-06-30 06:00:00,26131,-2.044039957598964e-55
2023-06-30 07:00:00,26131,-1.283353408416545e-55
2023-06-30 08:00:00,26131,-8.057552714522327e-56
2023-06-30 09:00:00,26131,-5.058945986469328e-56
2023-06-30 10:00:00,26131,-3.1762664670982964e-56
2023-06-30 11:00:00,26131,-1.9942234404155087e-56
2023-06-30 12:00:00,26131,-1.2520760369125522e-56
2023-06-30 13:00:00,26131,-7.861177290564812e-57
2023-06-30 14:00:00,26131,-4.9356513959070395e-57
2023-06-30 15:00:00,26131,-3.098855782219464e-57
2023-06-30 16:00:00,26131,-1.945621031290491e-57
2023-06-30 17:00:00,26131,-1.221560944888072e-57
2023-06-30 18:00:00,26131,-7.669587849212783e-58
2023-06-30 19:00:00,26131,-4.815361691363021e-58
2023-06-30 20:00:00,26131,-3.023331719321339e-58
2023-06-30 21:00:00,26131,-1.89820314047214e-58
2023-06-30 22:00:00,26131,-1.1917895543751702e-58
2023-06-30 23:00:00,26131,-7.4826677484290745e-59
2023-07-01 00:00:00,26131,-4.698003638967549e-59
2023-06-30 01:00:00,26133,4.5027420650460614
2023-06-30 02:00:00,26133,2.2446258058299797
2023-06-30 03:00:00,26133,1.118950394096435
2023-06-30 04:00:00,26133,0.5577989797660752
2023-06-30 05:00:00,26133,0.27806389225978434
2023-06-30 06:00:00,26133,0.1386153990656034
2023-06-30 07:00:00,26133,0.06910004999917566
2023-06-30 08:00:00,26133,0.034446511297267675
2023-06-30 09:00:00,26133,0.01717165386373736
2023-06-30 10:00:00,26133,0.00856010334025888
2023-06-30 11:00:00,26133,0.004267228408945057
2023-06-30 12:00:00,26133,0.0021272217834647157
2023-06-30 13:00:00,26133,0.0010604242572441753
2023-06-30 14:00:00,26133,0.0005286235850407335
2023-06-30 15:00:00,26133,0.0002635199004099852
2023-06-30 16:00:00,26133,0.00013136519042512558
2023-06-30 17:00:00,26133,6.548580668321934e-05
2023-06-30 18:00:00,26133,3.2644803871359176e-05
2023-06-30 19:00:00,26133,1.6273499156155115e-05
2023-06-30 20:00:00,26133,8.112371445972333e-06
2023-06-30 21:00:00,26133,4.044033176020152e-06
2023-06-30 22:00:00,26133,2.015958519363811e-06
2023-06-30 23:00:00,26133,1.0049593005058168e-06
2023-07-01 00:00:00,26133,5.009741946435757e-07
2023-06-30 01:00:00,26135,-0.5102903792567208
2023-06-30 02:00:00,26135,-0.40795814203734815
2023-06-30 03:00:00,26135,-0.32614733183287453
2023-06-30 04:00:00,26135,-0.2607426377874937
2023-06-30 05:00:00,26135,-0.2084540222307203
2023-06-30 06:00:00,26135,-0.16665122264959237
2023-06-30 07:00:00,26135,-0.13323144218279853
2023-06-30 08:00:00,26135,-0.10651357310130005
2023-06-30 09:00:00,26135,-0.08515363242289332
2023-06-30 10:00:00,26135,-0.06807715583737867
2023-06-30 11:00:00,26135,-0.05442514916910072
2023-06-30 12:00:00,26135,-0.04351087858539011
2023-06-30 13:00:00,26135,-0.03478532597844309
2023-06-30 14:00:00,26135,-0.02780957183045351
2023-06-30 15:00:00,26135,-0.022232716343449595
2023-06-30 16:00:00,26135,-0.017774228205376504
2023-06-30 17:00:00,26135,-0.01420983308635977
2023-06-30 18:00:00,26135,-0.011360232017338818
2023-06-30 19:00:00,26135,-0.009082082154198678
2023-06-30 20:00:00,26135,-0.007260786234798783
2023-06-30 21:00:00,26135,-0.005804728018571304
2023-06-30 22:00:00,26135,-0.004640663735298704
2023-06-30 23:00:00,26135,-0.003710037720150932
2023-07-01 00:00:00,26135,-0.002966036901197014
2023-06-30 01:00:00,26137,3.116860145926482e-120
2023-06-30 02:00:00,26137,2.366605610565277e-120
2023-06-30 03:00:00,26137,1.7969436720729767e-120
2023-06-30 04:00:00,26137,1.3644041686488893e-120
2023-06-30 05:00:00,26137,1.0359805732134625e-120
2023-06-30 06:00:00,26137,7.866113082448974e-121
2023-06-30 07:00:00,26137,5.972673293857748e-121
2023-06-30 08:00:00,26137,4.535000438114153e-121
2023-06-30 09:00:00,26137,3.443387568987862e-121
2023-06-30 10:00:00,26137,2.614535127849018e-121
2023-06-30 11:00:00,26137,1.985194462662758e-121
2023-06-30 12:00:00,26137,1.507341405594019e-121
2023-06-30 13:00:00,26137,1.1445116112053806e-121
2023-06-30 14:00:00,26137,8.690180096709564e-122
2023-06-30 15:00:00,26137,6.598380424791973e-122
2023-06-30 16:00:00,26137,5.010094583282951e-122
2023-06-30 17:00:00,26137,3.804122544848955e-122
2023-06-30 18:00:00,26137,2.888438151350326e-122
2023-06-30 19:00:00,26137,2.193166717374336e-122
2023-06-30 20:00:00,26137,1.665252983848689e-122
2023-06-30 21:00:00,26137,1.2644125402089288e-122
2023-06-30 22:00:00,26137,9.600577734096787e-123
2023-06-30 23:00:00,26137,7.289637669459118e-123
2023-07-01 00:00:00,26137,5.534960376735766e-123
2023-06-30 01:00:00,26139,199.68956491419925
2023-06-30 02:00:00,26139,155.56779897766543
2023-06-30 03:00:00,26139,121.19481600930888
2023-06-30 04:00:00,26139,94.41660500473486
2023-06-30 05:00:00,26139,73.55508753720463
2023-06-30 06:00:00,26139,57.30295960476988
2023-06-30 07:00:00,26139,44.641768359054815
2023-06-30 08:00:00,26139,34.77808992709724
2023-06-30 09:00:00,26139,27.093808857415777
2023-06-30 10:00:00,26139,21.107383411250247
2023-06-30 11:00:00,26139,16.443669356867833
2023-06-30 12:00:00,26139,12.810411250400364
2023-06-30 13:00:00,26139,9.97992801015813
2023-06-30 14:00:00,26139,7.774845096001585
2023-06-30 15:00:00,26139,6.05697918915771
2023-06-30 16:00:00,26139,4.718678821878628
2023-06-30 17:00:00,26139,3.676078310439465
2023-06-30 18:00:00,26139,2.863842243686206
2023-06-30 19:00:00,26139,2.231071186223224
2023-06-30 20:00:00,26139,1.7381120237923666
2023-06-30 21:00:00,26139,1.3540730685360278
2023-06-30 22:00:00,26139,1.0548882061894098
2023-06-30 23:00:00,26139,0.8218087734073435
2023-07-01 00:00:00,26139,0.640228657488675
2023-06-30 01:00:00,26141,0.04691574137718009
2023-06-30 02:00:00,26141,0.005379281760615096
2023-06-30 03:00:00,26141,0.0006167796012738935
2023-06-30 04:00:00,26141,7.07189348832481e-05
2023-06-30 05:00:00,26141,8.108516787344615e-06
2023-06-30 06:00:00,26141,9.297092016331236e-07
2023-06-30 07:00:00,26141,1.0659892829602948e-07
2023-06-30 08:00:00,26141,1.222245783294524e-08
2023-06-30 09:00:00,26141,1.4014069171808807e-09
2023-06-30 10:00:00,26141,1.6068301272667756e-10
2023-06-30 11:00:00,26141,1.8423650020837697e-11
2023-06-30 12:00:00,26141,2.1124254165416112e-12
2023-06-30 13:00:00,26141,2.4220722470324603e-13
2023-06-30 14:00:00,26141,2.7771082112092703e-14
2023-06-30 15:00:00,26141,3.1841866097161856e-15
2023-06-30 16:00:00,26141,3.650936007668526e-16
2023-06-30 17:00:00,26141,4.1861031923875446e-17
2023-06-30 18:00:00,26141,4.799717086388377e-18
2023-06-30 19:00:00,26141,5.503276687316734e-19
2023-06-30 20:00:00,26141,6.309966556789926e-20
2023-06-30 21:00:00,26141,7.234903896358606e-21
2023-06-30 22:00:00,26141,8.295421840741712e-22
2023-06-30 23:00:00,26141,9.511394277191346e-23
2023-07-01 00:00:00,26141,1.0905608278035378e-23
2023-06-30 01:00:00,26143,14.719897380714773
2023-06-30 02:00:00,26143,11.011866929191262
2023-06-30 03:00:00,26143,8.237911592039099
2023-06-30 04:00:00,26143,6.16273224464366
2023-06-30 05:00:00,26143,4.610303023386759
2023-06-30 06:00:00,26143,3.4489400356348088
2023-06-30 07:00:00,26143,2.58013135125039
2023-06-30 08:00:00,26143,1.9301807862483948
2023-06-30 09:00:00,26143,1.4439566674762365
2023-06-30 10:00:00,26143,1.0802153209708507
2023-06-30 11:00:00,26143,0.8081026016519026
2023-06-30 12:00:00,26143,0.6045367086718032
2023-06-30 13:00:00,26143,0.4522502852789525
2023-06-30 14:00:00,26143,0.33832572547043016
2023-06-30 15:00:00,26143,0.25309944568523635
2023-06-30 16:00:00,26143,0.18934217703103018
2023-06-30 17:00:00,26143,0.14164574681619377
2023-06-30 18:00:00,26143,0.10596433349252753
2023-06-30 19:00:00,26143,0.07927128222978799
2023-06-30 20:00:00,26143,0.05930237070568501
2023-06-30 21:00:00,26143,0.04436374778346881
2023-06-30 22:00:00,26143,0.03318825358876518
2023-06-30 23:00:00,26143,0.024827933420959094
2023-07-01 00:00:00,26143,0.018573628055085393
2023-06-30 01:00:00,26145,-0.02484708414680494
2023-06-30 02:00:00,26145,-0.02074057327816556
2023-06-30 03:00:00,26145,-0.01731275095964411
2023-06-30 04:00:00,26145,-0.014451449425758996
2023-06-30 05:00:00,26145,-0.01206303902782895
2023-06-30 06:00:00,26145,-0.010069364414585828
2023-06-30 07:00:00,26145,-0.00840518707432015
2023-06-30 08:00:00,26145,-0.00701605055151084
2023-06-30 09:00:00,26145,-0.005856498481961164
2023-06-30 10:00:00,26145,-0.004888587135653911
2023-06-30 11:00:00,26145,-0.004080643793640684
2023-06-30 12:00:00,26145,-0.0034062303296453073
2023-06-30 13:00:00,26145,-0.002843278081923466
2023-06-30 14:00:00,26145,-0.0023733657060085542
2023-06-30 15:00:00,26145,-0.0019811163777012173
2023-06-30 16:00:00,26145,-0.001653694621127995
2023-06-30 17:00:00,26145,-0.0013803862967004853
2023-06-30 18:00:00,26145,-0.0011522480050269197
2023-06-30 19:00:00,26145,-0.0009618144343087418
2023-06-30 20:00:00,26145,-0.0008028540748248312
2023-06-30 21:00:00,26145,-0.0006701653068100324
2023-06-30 22:00:00,26145,-0.0005594061891630497
2023-06-30 23:00:00,26145,-0.00046695237920251165
2023-07-01 00:00:00,26145,-0.00038977853421520324
2023-06-30 01:00:00,26147,0.7819252977334846
2023-06-30 02:00:00,26147,0.6359625577513917
2023-06-30 03:00:00,26147,0.5172468214470616
2023-06-30 04:00:00,26147,0.42069186469571357
2023-06-30 05:00:00,26147,0.3421609136737248
2023-06-30 06:00:00,26147,0.27828941006671915
2023-06-30 07:00:00,26147,0.22634086086504893
2023-06-30 08:00:00,26147,0.18408959681523324
2023-06-30 09:00:00,26147,0.14972541646291931
2023-06-30 10:00:00,26147,0.1217760303831552
2023-06-30 11:00:00,26147,0.09904398282005618
2023-06-30 12:00:00,26147,0.08055534822406661
2023-06-30 13:00:00,26147,0.065518004655469
2023-06-30 14:00:00,26147,0.05328769633139769
2023-06-30 15:00:00,26147,0.04334043130952136
2023-06-30 16:00:00,26147,0.03525003172239911
2023-06-30 17:00:00,26147,0.028669874730968985
2023-06-30 18:00:00,26147,0.023318041911637503
2023-06-30 19:00:00,26147,0.018965240821423923
2023-06-30 20:00:00,26147,0.015424981256041746
2023-06-30 21:00:00,26147,0.012545585315239633
2023-06-30 22:00:00,26147,0.010203688956854208
2023-06-30 23:00:00,26147,0.008298956621956528
2023-07-01 00:00:00,26147,0.006749782485955894
2023-06-30 01:00:00,26149,3.325035521550203
2023-06-30 02:00:00,26149,2.7511687660218747
2023-06-30 03:00:00,26149,2.2763454796433353
2023-06-30 04:00:00,26149,1.8834717835886647
2023-06-30 05:00:00,26149,1.5584040257942278
2023-06-30 06:00:00,26149,1.289439602320078
2023-06-30 07:00:00,26149,1.0668956576803008
2023-06-30 08:00:00,26149,0.8827604971407799
2023-06-30 09:00:00,26149,0.7304051616505377
2023-06-30 10:00:00,26149,0.6043447819580768
2023-06-30 11:00:00,26149,0.5000411205400284
2023-06-30 12:00:00,26149,0.4137391927515185
2023-06-30 13:00:00,26149,0.34233208547690863
2023-06-30 14:00:00,26149,0.2832491066838612
2023-06-30 15:00:00,26149,0.2343632392080209
2023-06-30 16:00:00,26149,0.19391456705768165
2023-06-30 17:00:00,26149,0.16044691754662
2023-06-30 18:00:00,26149,0.13275543833978354
2023-06-30 19:00:00,26149,0.1098432221589248
2023-06-30 20:00:00,26149,0.09088541761561239
2023-06-30 21:00:00,26149,0.0751995341434285
2023-06-30 22:00:00,26149,0.06222087199187004
2023-06-30 23:00:00,26149,0.051482192749288364
2023-07-01 00:00:00,26149,0.04259689852339566
2023-06-30 01:00:00,26151,0.054754685771131
2023-06-30 02:00:00,26151,0.04923351204698884
2023-06-30 03:00:00,26151,0.04426906436122767
2023-06-30 04:00:00,26151,0.03980520539644049
2023-06-30 05:00:00,26151,0.03579145842622626
2023-06-30 06:00:00,26151,0.032182436531048186
2023-06-30 07:00:00,26151,0.028937329368954323
2023-06-30 08:00:00,26151,0.026019441697631873
2023-06-30 09:00:00,26151,0.02339577842946357
2023-06-30 10:00:00,26151,0.021036671527443665
2023-06-30 11:00:00,26151,0.0189154445229419
2023-06-30 12:00:00,26151,0.017008110861726766
2023-06-30 13:00:00,26151,0.015293102667184751
2023-06-30 14:00:00,26151,0.013751026853626032
2023-06-30 15:00:00,26151,0.012364445831838076
2023-06-30 16:00:00,26151,0.011117680327134616
2023-06-30 17:00:00,26151,0.00999663208019259
2023-06-30 18:00:00,26151,0.008988624425801556
2023-06-30 19:00:00,26151,0.008082258946811192
2023-06-30 20:00:00,26151,0.007267286582338702
2023-06-30 21:00:00,26151,0.006534491732744763
2023-06-30 22:00:00,26151,0.005875588050852455
2023-06-30 23:00:00,26151,0.0052831247410300465
2023-07-01 00:00:00,26151,0.0047504023065800685
2023-06-30 01:00:00,26153,-5.1931072301726e-182
2023-06-30 02:00:00,26153,-4.208082727607194e-182
2023-06-30 03:00:00,26153,-3.4098968993939786e-182
2023-06-30 04:00:00,26153,-2.763110332459708e-182
2023-06-30 05:00:00,26153,-2.239005733781125e-182
2023-06-30 06:00:00,26153,-1.8143128839310857e-182
2023-06-30 07:00:00,26153,-1.4701754404350794e-182
2023-06-30 08:00:00,26153,-1.1913137170559706e-182
2023-06-30 09:00:00,26153,-9.653462664467522e-183
2023-06-30 10:00:00,26153,-7.822401444731299e-183
2023-06-30 11:00:00,26153,-6.3386544796783034e-183
2023-06-30 12:00:00,26153,-5.136343474139605e-183
2023-06-30 13:00:00,26153,-4.162085876256097e-183
2023-06-30 14:00:00,26153,-3.372624694697286e-183
2023-06-30 15:00:00,26153,-2.7329078902893048e-183
2023-06-30 16:00:00,26153,-2.2145320671311484e-183
2023-06-30 17:00:00,26153,-1.7944813631582017e-183
2023-06-30 18:00:00,26153,-1.4541055469536418e-183
2023-06-30 19:00:00,26153,-1.1782919483544072e-183
2023-06-30 20:00:00,26153,-9.547944566097494e-184
2023-06-30 21:00:00,26153,-7.736897936423015e-184
2023-06-30 22:00:00,26153,-6.269369209701325e-184
2023-06-30 23:00:00,26153,-5.080200179779393e-184
2023-07-01 00:00:00,26153,-4.1165917978947837e-184
2023-06-30 01:00:00,26155,0.06674689869129105
2023-06-30 02:00:00,26155,0.05229682778920689
2023-06-30 03:00:00,26155,0.040975060271539056
2023-06-30 04:00:00,26155,0.03210434810737725
2023-06-30 05:00:00,26155,0.02515406104516619
2023-06-30 06:00:00,26155,0.019708445253200858
2023-06-30 07:00:00,26155,0.015441753663592144
2023-06-30 08:00:00,26155,0.012098760361035328
2023-06-30 09:00:00,26155,0.009479493421714643
2023-06-30 10:00:00,26155,0.007427272947874266
2023-06-30 11:00:00,26155,0.005819338754522475
2023-06-30 12:00:00,26155,0.0045595070731283
2023-06-30 13:00:00,26155,0.0035724170093639645
2023-06-30 14:00:00,26155,0.002799022588210788
2023-06-30 15:00:00,26155,0.0021930607285707343
2023-06-30 16:00:00,26155,0.0017182838678960336
2023-06-30 17:00:00,26155,0.0013462916973557603
2023-06-30 18:00:00,26155,0.0010548323057868114
2023-06-30 19:00:00,26155,0.0008264711098767888
2023-06-30 20:00:00,26155,0.0006475479483456597
2023-06-30 21:00:00,26155,0.0005073599553518398
2023-06-30 22:00:00,26155,0.00039752133406067687
2023-06-30 23:00:00,26155,0.00031146173316693
2023-07-01 00:00:00,26155,0.00024403322014546455
2023-06-30 01:00:00,26157,-0.10407789472976747
2023-06-30 02:00:00,26157,-0.08401350778604776
2023-06-30 03:00:00,26157,-0.06781718162961227
2023-06-30 04:00:00,26157,-0.05474322219584326
2023-06-30 05:00:00,26157,-0.04418969211594174
2023-06-30 06:00:00,26157,-0.03567069695524786
2023-06-30 07:00:00,26157,-0.02879401417721357
2023-06-30 08:00:00,26157,-0.023243034849522327
2023-06-30 09:00:00,26157,-0.018762186671549
2023-06-30 10:00:00,26157,-0.015145167185656283
2023-06-30 11:00:00,26157,-0.012225445418326746
2023-06-30 12:00:00,26157,-0.009868594637769252
2023-06-30 13:00:00,26157,-0.00796610322096038
2023-06-30 14:00:00,26157,-0.0064303786766278515
2023-06-30 15:00:00,26157,-0.005190714804702856
2023-06-30 16:00:00,26157,-0.004190036316475664
2023-06-30 17:00:00,26157,-0.003382271034709634
2023-06-30 18:00:00,26157,-0.002730228687339403
2023-06-30 19:00:00,26157,-0.002203888632423266
2023-06-30 20:00:00,26157,-0.0017790176795987526
2023-06-30 21:00:00,26157,-0.0014360543712433366
2023-06-30 22:00:00,26157,-0.001159208354597254
2023-06-30 23:00:00,26157,-0.0009357333790952786
2023-07-01 00:00:00,26157,-0.0007553404470219495
2023-06-30 01:00:00,26159,-5.554872693533633
2023-06-30 02:00:00,26159,-3.975470065253017
2023-06-30 03:00:00,26159,-2.845134913374435
2023-06-30 04:00:00,26159,-2.036185040368796
2023-06-30 05:00:00,26159,-1.4572417986689803
2023-06-30 06:00:00,26159,-1.0429079959272192
2023-06-30 07:00:00,26159,-0.7463806548524589
2023-06-30 08:00:00,26159,-0.5341641679932639
2023-06-30 09:00:00,26159,-0.38228664758780345
2023-06-30 10:00:00,26159,-0.27359207090387305
2023-06-30 11:00:00,26159,-0.19580234291148707
2023-06-30 12:00:00,26159,-0.14013036767830117
2023-06-30 13:00:00,26159,-0.10028746159862147
2023-06-30 14:00:00,26159,-0.07177298625936857
2023-06-30 15:00:00,26159,-0.05136595816139711
2023-06-30 16:00:00,26159,-0.0367612077377371
2023-06-30 17:00:00,26159,-0.026308988339920913
2023-06-30 18:00:00,26159,-0.01882862152974253
2023-06-30 19:00:00,26159,-0.013475128124647217
2023-06-30 20:00:00,26159,-0.009643779694059282
2023-06-30 21:00:00,26159,-0.006901788682620409
2023-06-30 22:00:00,26159,-0.0049394209045329875
2023-06-30 23:00:00,26159,-0.0035350080963177668
2023-07-01 00:00:00,26159,-0.0025299083602217656
2023-06-30 01:00:00,26161,9.530700010324365
2023-06-30 02:00:00,26161,9.111245625343814
2023-06-30 03:00:00,26161,8.710251792147375
2023-06-30 04:00:00,26161,8.326906045817818
2023-06-30 05:00:00,26161,7.960431678724559
2023-06-30 06:00:00,26161,7.6100861668144155
2023-06-30 07:00:00,26161,7.275159665162676
2023-06-30 08:00:00,26161,6.954973569736276
2023-06-30 09:00:00,26161,6.648879142455018
2023-06-30 10:00:00,26161,6.356256196765055
2023-06-30 11:00:00,26161,6.076511841061412
2023-06-30 12:00:00,26161,5.8090792774135815
2023-06-30 13:00:00,26161,5.553416653160251
2023-06-30 14:00:00,26161,5.309005963046335
2023-06-30 15:00:00,26161,5.075351999677921
2023-06-30 16:00:00,26161,4.851981350168594
2023-06-30 17:00:00,26161,4.638441436944235
2023-06-30 18:00:00,26161,4.434299600762831
2023-06-30 19:00:00,26161,4.23914222409138
2023-06-30 20:00:00,26161,4.05257389306374
2023-06-30 21:00:00,26161,3.874216596321438
2023-06-30 22:00:00,26161,3.7037089591141954
2023-06-30 23:00:00,26161,3.540705511108352
2023-07-01 00:00:00,26161,3.3848759864196767
2023-06-30 01:00:00,26163,857.9659022019848
2023-06-30 02:00:00,26163,812.1010798418171
2023-06-30 03:00:00,26163,768.6880821109625
2023-06-30 04:00:00,26163,727.5958402795413
2023-06-30 05:00:00,26163,688.7002922411277
2023-06-30 06:00:00,26163,651.8840079552766
2023-06-30 07:00:00,26163,617.0358349130056
2023-06-30 08:00:00,26163,584.0505625548504
2023-06-30 09:00:00,26163,552.8286046283362
2023-06-30 10:00:00,26163,523.275698525864
2023-06-30 11:00:00,26163,495.30262069528214
2023-06-30 12:00:00,26163,468.82491726393226
2023-06-30 13:00:00,26163,443.7626490628955
2023-06-30 14:00:00,26163,420.04015028163786
2023-06-30 15:00:00,26163,397.5858000244058
2023-06-30 16:00:00,26163,376.33180607867484
2023-06-30 17:00:00,26163,356.2140002428247
2023-06-30 18:00:00,26163,337.17164459511076
2023-06-30 19:00:00,26163,319.1472481190376
2023-06-30 20:00:00,26163,302.0863931315045
2023-06-30 21:00:00,26163,285.93757098969115
2023-06-30 22:00:00,26163,270.65202658066335
2023-06-30 23:00:00,26163,256.1836111241955
2023-07-01 00:00:00,26163,242.4886428444056
2023-06-30 01:00:00,26165,1.9281430664963864e-25
2023-06-30 02:00:00,26165,1.513358633976094e-25
2023-06-30 03:00:00,26165,1.1878031225097795e-25
2023-06-30 04:00:00,26165,9.322815003454557e-26
2023-06-30 05:00:00,26165,7.31727993819294e-26
2023-06-30 06:00:00,26165,5.743177964385299e-26
2023-06-30 07:00:00,26165,4.507698681642423e-26
2023-06-30 08:00:00,26165,3.537997173426551e-26
2023-06-30 09:00:00,26165,2.776899008390113e-26
2023-06-30 10:00:00,26165,2.1795291869410184e-26
2023-06-30 11:00:00,26165,1.7106662728371084e-26
2023-06-30 12:00:00,26165,1.3426657071427402e-26
2023-06-30 13:00:00,26165,1.0538298613599748e-26
2023-06-30 14:00:00,26165,8.271287266711424e-27
2023-06-30 15:00:00,26165,6.491958100349667e-27
2023-06-30 16:00:00,26165,5.095400343101886e-27
2023-06-30 17:00:00,26165,3.999271753630758e-27
2023-06-30 18:00:00,26165,3.1389436516095598e-27
2023-06-30 19:00:00,26165,2.4636903553840506e-27
2023-06-30 20:00:00,26165,1.9336983523421922e-27
2023-06-30 21:00:00,26165,1.5177188601154498e-27
2023-06-30 22:00:00,26165,1.1912253716098281e-27
2023-06-30 23:00:00,26165,9.349675511438471e-28
2023-07-01 00:00:00,26165,7.338362181713543e-28
